https://www.musinsa.com/categories/item/001?d_cat_cd=001&brand=&list_kind=small&sort=pop_category&sub_sort=&page=1&display_cnt=90&group_sale=&exclusive_yn=&sale_goods=&timesale_yn=&ex_soldout=&kids=&color=1&price1=&price2=&shoeSizeOption=&tags=&campaign_id=&includeKeywords=&measure=,1,1,
https://www.musinsa.com/categories/item/001?d_cat_cd=001&brand=&list_kind=small&sort=pop_category&sub_sort=&page=1&display_cnt=90&group_sale=&exclusive_yn=&sale_goods=&timesale_yn=&ex_soldout=&kids=&color=1&price1=&price2=&shoeSizeOption=&tags=&campaign_id=&includeKeywords=&measure=,2,1,
https://www.musinsa.com/categories/item/001?d_cat_cd=001&brand=&list_kind=small&sort=pop_category&sub_sort=&page=1&display_cnt=90&group_sale=&exclusive_yn=&sale_goods=&timesale_yn=&ex_soldout=&kids=&color=1&price1=&price2=&shoeSizeOption=&tags=&campaign_id=&includeKeywords=&measure=,3,1,
https://www.musinsa.com/categories/item/001?d_cat_cd=001&brand=&list_kind=small&sort=pop_category&sub_sort=&page=1&display_cnt=90&group_sale=&exclusive_yn=&sale_goods=&timesale_yn=&ex_soldout=&kids=&color=1&price1=&price2=&shoeSizeOption=&tags=&campaign_id=&includeKeywords=&measure=,4,1,
https://www.musinsa.com/categories/item/001?d_cat_cd=001&brand=&list_kind=small&sort=pop_category&sub_sort=&page=1&display_cnt=90&group_sale=&exclusive_yn=&sale_goods=&timesale_yn=&ex_soldout=&kids=&color=1&price1=&price2=&shoeSizeOption=&tags=&campaign_id=&includeKeywords=&measure=,5,1,
https://www.musinsa.com/categories/item/001?d_cat_cd=001&brand=&list_kind=small&sort=pop_category&sub_sort=&page=1&display_cnt=90&group_sale=&exclusive_yn=&sale_goods=&timesale_yn=&ex_soldout=&kids=&color=1&price1=&price2=&shoeSizeOption=&tags=&campaign_id=&includeKeywords=&measure=,6,1,
https://www.musinsa.com/categories/item/001?d_cat_cd=001&brand=&list_kind=small&sort=pop_category&sub_sort=&page=1&display_cnt=90&group_sale=&exclusive_yn=&sale_goods=&timesale_yn=&ex_soldout=&kids=&color=1&price1=&price2=&shoeSizeOption=&tags=&campaign_id=&includeKeywords=&measure=,7,1,
https://www.musinsa.com/categories/item/001?d_cat_cd=001&brand=&list_kind=small&sort=pop_category&sub_sort=&page=1&display_cnt=90&group_sale=&exclusive_yn=&sale_goods=&timesale_yn=&ex_soldout=&kids=&color=1&price1=&price2=&shoeSizeOption=&tags=&campaign_id=&includeKeywords=&measure=,8,1,
https://www.musinsa.com/categories/item/001?d_cat_cd=001&brand=&list_kind=small&sort=pop_category&sub_sort=&page=1&display_cnt=90&group_sale=&exclusive_yn=&sale_goods=&timesale_yn=&ex_soldout=&kids=&color=1&price1=&price2=&shoeSizeOption=&tags=&campaign_id=&includeKeywords=&measure=,9,1,
https://www.musinsa.com/categories/item/001?d_cat_cd=001&brand=&list_kind=small&sort=pop_category&sub_sort=&page=1&display_cnt=90&group_sale=&exclusive_yn=&sale_goods=&timesale_yn=&ex_soldout=&kids=&color=1&price1=&price2=&shoeSizeOption=&tags=&campaign_id=&includeKeywords=&measure=,10,1,
https://www.musinsa.com/categories/item/001?d_cat_cd=001&brand=&list_kind=small&sort=pop_category&sub_sort=&page=1&display_cnt=90&group_sale=&exclusive_yn=&sale_goods=&timesale_yn=&ex_soldout=&kids=&color=1&price1=&price2=&shoeSizeOption=&tags=&campaign_id=&includeKeywords=&measure=,11,1,
https://www.musinsa.com/categories/item/001?d_cat_cd=001&brand=&list_kind=small&sort=pop_category&sub_sort=&page=1&display_cnt=90&group_sale=&exclusive_yn=&sale_goods=&timesale_yn=&ex_soldout=&kids=&color=1&price1=&price2=&shoeSizeOption=&tags=&campaign_id=&includeKeywords=&measure=,12,1,
https://www.musinsa.com/categories/item/001?d_cat_cd=001&brand=&list_kind=small&sort=pop_category&sub_sort=&page=1&display_cnt=90&group_sale=&exclusive_yn=&sale_goods=&timesale_yn=&ex_soldout=&kids=&color=1&price1=&price2=&shoeSizeOption=&tags=&campaign_id=&includeKeywords=&measure=,13,1,
https://www.musinsa.com/categories/item/001?d_cat_cd=001&brand=&list_kind=small&sort=pop_category&sub_sort=&page=1&display_cnt=90&group_sale=&exclusive_yn=&sale_goods=&timesale_yn=&ex_soldout=&kids=&color=1&price1=&price2=&shoeSizeOption=&tags=&campaign_id=&includeKeywords=&measure=,14,1,
https://www.musinsa.com/categories/item/001?d_cat_cd=001&brand=&list_kind=small&sort=pop_category&sub_sort=&page=1&display_cnt=90&group_sale=&exclusive_yn=&sale_goods=&timesale_yn=&ex_soldout=&kids=&color=1&price1=&price2=&shoeSizeOption=&tags=&campaign_id=&includeKeywords=&measure=,15,1,
https://www.musinsa.com/categories/item/001?d_cat_cd=001&brand=&list_kind=small&sort=pop_category&sub_sort=&page=1&display_cnt=90&group_sale=&exclusive_yn=&sale_goods=&timesale_yn=&ex_soldout=&kids=&color=1&price1=&price2=&shoeSizeOption=&tags=&campaign_id=&includeKeywords=&measure=,16,1,
https://www.musinsa.com/categories/item/001?d_cat_cd=001&brand=&list_kind=small&sort=pop_category&sub_sort=&page=1&display_cnt=90&group_sale=&exclusive_yn=&sale_goods=&timesale_yn=&ex_soldout=&kids=&color=1&price1=&price2=&shoeSizeOption=&tags=&campaign_id=&includeKeywords=&measure=,17,1,
https://www.musinsa.com/categories/item/001?d_cat_cd=001&brand=&list_kind=small&sort=pop_category&sub_sort=&page=1&display_cnt=90&group_sale=&exclusive_yn=&sale_goods=&timesale_yn=&ex_soldout=&kids=&color=1&price1=&price2=&shoeSizeOption=&tags=&campaign_id=&includeKeywords=&measure=,18,1,
https://www.musinsa.com/categories/item/001?d_cat_cd=001&brand=&list_kind=small&sort=pop_category&sub_sort=&page=1&display_cnt=90&group_sale=&exclusive_yn=&sale_goods=&timesale_yn=&ex_soldout=&kids=&color=1&price1=&price2=&shoeSizeOption=&tags=&campaign_id=&includeKeywords=&measure=,19,1,
https://www.musinsa.com/categories/item/001?d_cat_cd=001&brand=&list_kind=small&sort=pop_category&sub_sort=&page=1&display_cnt=90&group_sale=&exclusive_yn=&sale_goods=&timesale_yn=&ex_soldout=&kids=&color=1&price1=&price2=&shoeSizeOption=&tags=&campaign_id=&includeKeywords=&measure=,20,1,
https://www.musinsa.com/categories/item/001?d_cat_cd=001&brand=&list_kind=small&sort=pop_category&sub_sort=&page=1&display_cnt=90&group_sale=&exclusive_yn=&sale_goods=&timesale_yn=&ex_soldout=&kids=&color=1&price1=&price2=&shoeSizeOption=&tags=&campaign_id=&includeKeywords=&measure=,21,1,
https://www.musinsa.com/categories/item/001?d_cat_cd=001&brand=&list_kind=small&sort=pop_category&sub_sort=&page=1&display_cnt=90&group_sale=&exclusive_yn=&sale_goods=&timesale_yn=&ex_soldout=&kids=&color=1&price1=&price2=&shoeSizeOption=&tags=&campaign_id=&includeKeywords=&measure=,22,1,
https://www.musinsa.com/categories/item/001?d_cat_cd=001&brand=&list_kind=small&sort=pop_category&sub_sort=&page=1&display_cnt=90&group_sale=&exclusive_yn=&sale_goods=&timesale_yn=&ex_soldout=&kids=&color=1&price1=&price2=&shoeSizeOption=&tags=&campaign_id=&includeKeywords=&measure=,23,1,
https://www.musinsa.com/categories/item/001?d_cat_cd=001&brand=&list_kind=small&sort=pop_category&sub_sort=&page=1&display_cnt=90&group_sale=&exclusive_yn=&sale_goods=&timesale_yn=&ex_soldout=&kids=&color=1&price1=&price2=&shoeSizeOption=&tags=&campaign_id=&includeKeywords=&measure=,24,1,
https://www.musinsa.com/categories/item/001?d_cat_cd=001&brand=&list_kind=small&sort=pop_category&sub_sort=&page=1&display_cnt=90&group_sale=&exclusive_yn=&sale_goods=&timesale_yn=&ex_soldout=&kids=&color=1&price1=&price2=&shoeSizeOption=&tags=&campaign_id=&includeKeywords=&measure=,25,1,
https://www.musinsa.com/categories/item/001?d_cat_cd=001&brand=&list_kind=small&sort=pop_category&sub_sort=&page=1&display_cnt=90&group_sale=&exclusive_yn=&sale_goods=&timesale_yn=&ex_soldout=&kids=&color=1&price1=&price2=&shoeSizeOption=&tags=&campaign_id=&includeKeywords=&measure=,26,1,
https://www.musinsa.com/categories/item/001?d_cat_cd=001&brand=&list_kind=small&sort=pop_category&sub_sort=&page=1&display_cnt=90&group_sale=&exclusive_yn=&sale_goods=&timesale_yn=&ex_soldout=&kids=&color=1&price1=&price2=&shoeSizeOption=&tags=&campaign_id=&includeKeywords=&measure=,27,1,
https://www.musinsa.com/categories/item/001?d_cat_cd=001&brand=&list_kind=small&sort=pop_category&sub_sort=&page=1&display_cnt=90&group_sale=&exclusive_yn=&sale_goods=&timesale_yn=&ex_soldout=&kids=&color=1&price1=&price2=&shoeSizeOption=&tags=&campaign_id=&includeKeywords=&measure=,28,1,
https://www.musinsa.com/categories/item/001?d_cat_cd=001&brand=&list_kind=small&sort=pop_category&sub_sort=&page=1&display_cnt=90&group_sale=&exclusive_yn=&sale_goods=&timesale_yn=&ex_soldout=&kids=&color=1&price1=&price2=&shoeSizeOption=&tags=&campaign_id=&includeKeywords=&measure=,29,1,
https://www.musinsa.com/categories/item/001?d_cat_cd=001&brand=&list_kind=small&sort=pop_category&sub_sort=&page=1&display_cnt=90&group_sale=&exclusive_yn=&sale_goods=&timesale_yn=&ex_soldout=&kids=&color=1&price1=&price2=&shoeSizeOption=&tags=&campaign_id=&includeKeywords=&measure=,30,1,
https://www.musinsa.com/categories/item/001?d_cat_cd=001&brand=&list_kind=small&sort=pop_category&sub_sort=&page=1&display_cnt=90&group_sale=&exclusive_yn=&sale_goods=&timesale_yn=&ex_soldout=&kids=&color=1&price1=&price2=&shoeSizeOption=&tags=&campaign_id=&includeKeywords=&measure=,31,1,
https://www.musinsa.com/categories/item/001?d_cat_cd=001&brand=&list_kind=small&sort=pop_category&sub_sort=&page=1&display_cnt=90&group_sale=&exclusive_yn=&sale_goods=&timesale_yn=&ex_soldout=&kids=&color=1&price1=&price2=&shoeSizeOption=&tags=&campaign_id=&includeKeywords=&measure=,32,1,
https://www.musinsa.com/categories/item/001?d_cat_cd=001&brand=&list_kind=small&sort=pop_category&sub_sort=&page=1&display_cnt=90&group_sale=&exclusive_yn=&sale_goods=&timesale_yn=&ex_soldout=&kids=&color=1&price1=&price2=&shoeSizeOption=&tags=&campaign_id=&includeKeywords=&measure=,33,1,
https://www.musinsa.com/categories/item/001?d_cat_cd=001&brand=&list_kind=small&sort=pop_category&sub_sort=&page=1&display_cnt=90&group_sale=&exclusive_yn=&sale_goods=&timesale_yn=&ex_soldout=&kids=&color=1&price1=&price2=&shoeSizeOption=&tags=&campaign_id=&includeKeywords=&measure=,34,1,
https://www.musinsa.com/categories/item/001?d_cat_cd=001&brand=&list_kind=small&sort=pop_category&sub_sort=&page=1&display_cnt=90&group_sale=&exclusive_yn=&sale_goods=&timesale_yn=&ex_soldout=&kids=&color=1&price1=&price2=&shoeSizeOption=&tags=&campaign_id=&includeKeywords=&measure=,35,1,
https://www.musinsa.com/categories/item/001?d_cat_cd=001&brand=&list_kind=small&sort=pop_category&sub_sort=&page=1&display_cnt=90&group_sale=&exclusive_yn=&sale_goods=&timesale_yn=&ex_soldout=&kids=&color=1&price1=&price2=&shoeSizeOption=&tags=&campaign_id=&includeKeywords=&measure=,36,1,
https://www.musinsa.com/categories/item/001?d_cat_cd=001&brand=&list_kind=small&sort=pop_category&sub_sort=&page=1&display_cnt=90&group_sale=&exclusive_yn=&sale_goods=&timesale_yn=&ex_soldout=&kids=&color=1&price1=&price2=&shoeSizeOption=&tags=&campaign_id=&includeKeywords=&measure=,37,1,
https://www.musinsa.com/categories/item/001?d_cat_cd=001&brand=&list_kind=small&sort=pop_category&sub_sort=&page=1&display_cnt=90&group_sale=&exclusive_yn=&sale_goods=&timesale_yn=&ex_soldout=&kids=&color=1&price1=&price2=&shoeSizeOption=&tags=&campaign_id=&includeKeywords=&measure=,38,1,
https://www.musinsa.com/categories/item/001?d_cat_cd=001&brand=&list_kind=small&sort=pop_category&sub_sort=&page=1&display_cnt=90&group_sale=&exclusive_yn=&sale_goods=&timesale_yn=&ex_soldout=&kids=&color=1&price1=&price2=&shoeSizeOption=&tags=&campaign_id=&includeKeywords=&measure=,39,1,
https://www.musinsa.com/categories/item/001?d_cat_cd=001&brand=&list_kind=small&sort=pop_category&sub_sort=&page=1&display_cnt=90&group_sale=&exclusive_yn=&sale_goods=&timesale_yn=&ex_soldout=&kids=&color=1&price1=&price2=&shoeSizeOption=&tags=&campaign_id=&includeKeywords=&measure=,40,1,
https://www.musinsa.com/categories/item/001?d_cat_cd=001&brand=&list_kind=small&sort=pop_category&sub_sort=&page=1&display_cnt=90&group_sale=&exclusive_yn=&sale_goods=&timesale_yn=&ex_soldout=&kids=&color=1&price1=&price2=&shoeSizeOption=&tags=&campaign_id=&includeKeywords=&measure=,41,1,
https://www.musinsa.com/categories/item/001?d_cat_cd=001&brand=&list_kind=small&sort=pop_category&sub_sort=&page=1&display_cnt=90&group_sale=&exclusive_yn=&sale_goods=&timesale_yn=&ex_soldout=&kids=&color=1&price1=&price2=&shoeSizeOption=&tags=&campaign_id=&includeKeywords=&measure=,42,1,
https://www.musinsa.com/categories/item/001?d_cat_cd=001&brand=&list_kind=small&sort=pop_category&sub_sort=&page=1&display_cnt=90&group_sale=&exclusive_yn=&sale_goods=&timesale_yn=&ex_soldout=&kids=&color=1&price1=&price2=&shoeSizeOption=&tags=&campaign_id=&includeKeywords=&measure=,43,1,
https://www.musinsa.com/categories/item/001?d_cat_cd=001&brand=&list_kind=small&sort=pop_category&sub_sort=&page=1&display_cnt=90&group_sale=&exclusive_yn=&sale_goods=&timesale_yn=&ex_soldout=&kids=&color=1&price1=&price2=&shoeSizeOption=&tags=&campaign_id=&includeKeywords=&measure=,44,1,
https://www.musinsa.com/categories/item/001?d_cat_cd=001&brand=&list_kind=small&sort=pop_category&sub_sort=&page=1&display_cnt=90&group_sale=&exclusive_yn=&sale_goods=&timesale_yn=&ex_soldout=&kids=&color=1&price1=&price2=&shoeSizeOption=&tags=&campaign_id=&includeKeywords=&measure=,45,1,
https://www.musinsa.com/categories/item/001?d_cat_cd=001&brand=&list_kind=small&sort=pop_category&sub_sort=&page=1&display_cnt=90&group_sale=&exclusive_yn=&sale_goods=&timesale_yn=&ex_soldout=&kids=&color=1&price1=&price2=&shoeSizeOption=&tags=&campaign_id=&includeKeywords=&measure=,46,1,
https://www.musinsa.com/categories/item/001?d_cat_cd=001&brand=&list_kind=small&sort=pop_category&sub_sort=&page=1&display_cnt=90&group_sale=&exclusive_yn=&sale_goods=&timesale_yn=&ex_soldout=&kids=&color=1&price1=&price2=&shoeSizeOption=&tags=&campaign_id=&includeKeywords=&measure=,47,1,
https://www.musinsa.com/categories/item/001?d_cat_cd=001&brand=&list_kind=small&sort=pop_category&sub_sort=&page=1&display_cnt=90&group_sale=&exclusive_yn=&sale_goods=&timesale_yn=&ex_soldout=&kids=&color=1&price1=&price2=&shoeSizeOption=&tags=&campaign_id=&includeKeywords=&measure=,48,1,
https://www.musinsa.com/categories/item/001?d_cat_cd=001&brand=&list_kind=small&sort=pop_category&sub_sort=&page=1&display_cnt=90&group_sale=&exclusive_yn=&sale_goods=&timesale_yn=&ex_soldout=&kids=&color=1&price1=&price2=&shoeSizeOption=&tags=&campaign_id=&includeKeywords=&measure=,49,1,
https://www.musinsa.com/categories/item/001?d_cat_cd=001&brand=&list_kind=small&sort=pop_category&sub_sort=&page=1&display_cnt=90&group_sale=&exclusive_yn=&sale_goods=&timesale_yn=&ex_soldout=&kids=&color=1&price1=&price2=&shoeSizeOption=&tags=&campaign_id=&includeKeywords=&measure=,50,1,
https://www.musinsa.com/categories/item/001?d_cat_cd=001&brand=&list_kind=small&sort=pop_category&sub_sort=&page=1&display_cnt=90&group_sale=&exclusive_yn=&sale_goods=&timesale_yn=&ex_soldout=&kids=&color=1&price1=&price2=&shoeSizeOption=&tags=&campaign_id=&includeKeywords=&measure=,51,1,
https://www.musinsa.com/categories/item/001?d_cat_cd=001&brand=&list_kind=small&sort=pop_category&sub_sort=&page=1&display_cnt=90&group_sale=&exclusive_yn=&sale_goods=&timesale_yn=&ex_soldout=&kids=&color=1&price1=&price2=&shoeSizeOption=&tags=&campaign_id=&includeKeywords=&measure=,52,1,
https://www.musinsa.com/categories/item/001?d_cat_cd=001&brand=&list_kind=small&sort=pop_category&sub_sort=&page=1&display_cnt=90&group_sale=&exclusive_yn=&sale_goods=&timesale_yn=&ex_soldout=&kids=&color=1&price1=&price2=&shoeSizeOption=&tags=&campaign_id=&includeKeywords=&measure=,53,1,
https://www.musinsa.com/categories/item/001?d_cat_cd=001&brand=&list_kind=small&sort=pop_category&sub_sort=&page=1&display_cnt=90&group_sale=&exclusive_yn=&sale_goods=&timesale_yn=&ex_soldout=&kids=&color=1&price1=&price2=&shoeSizeOption=&tags=&campaign_id=&includeKeywords=&measure=,54,1,
https://www.musinsa.com/categories/item/001?d_cat_cd=001&brand=&list_kind=small&sort=pop_category&sub_sort=&page=1&display_cnt=90&group_sale=&exclusive_yn=&sale_goods=&timesale_yn=&ex_soldout=&kids=&color=1&price1=&price2=&shoeSizeOption=&tags=&campaign_id=&includeKeywords=&measure=,55,1,
https://www.musinsa.com/categories/item/001?d_cat_cd=001&brand=&list_kind=small&sort=pop_category&sub_sort=&page=1&display_cnt=90&group_sale=&exclusive_yn=&sale_goods=&timesale_yn=&ex_soldout=&kids=&color=1&price1=&price2=&shoeSizeOption=&tags=&campaign_id=&includeKeywords=&measure=,56,1,
https://www.musinsa.com/categories/item/001?d_cat_cd=001&brand=&list_kind=small&sort=pop_category&sub_sort=&page=1&display_cnt=90&group_sale=&exclusive_yn=&sale_goods=&timesale_yn=&ex_soldout=&kids=&color=1&price1=&price2=&shoeSizeOption=&tags=&campaign_id=&includeKeywords=&measure=,57,1,
https://www.musinsa.com/categories/item/001?d_cat_cd=001&brand=&list_kind=small&sort=pop_category&sub_sort=&page=1&display_cnt=90&group_sale=&exclusive_yn=&sale_goods=&timesale_yn=&ex_soldout=&kids=&color=1&price1=&price2=&shoeSizeOption=&tags=&campaign_id=&includeKeywords=&measure=,58,1,
https://www.musinsa.com/categories/item/001?d_cat_cd=001&brand=&list_kind=small&sort=pop_category&sub_sort=&page=1&display_cnt=90&group_sale=&exclusive_yn=&sale_goods=&timesale_yn=&ex_soldout=&kids=&color=1&price1=&price2=&shoeSizeOption=&tags=&campaign_id=&includeKeywords=&measure=,59,1,
https://www.musinsa.com/categories/item/001?d_cat_cd=001&brand=&list_kind=small&sort=pop_category&sub_sort=&page=1&display_cnt=90&group_sale=&exclusive_yn=&sale_goods=&timesale_yn=&ex_soldout=&kids=&color=1&price1=&price2=&shoeSizeOption=&tags=&campaign_id=&includeKeywords=&measure=,60,1,
https://www.musinsa.com/categories/item/001?d_cat_cd=001&brand=&list_kind=small&sort=pop_category&sub_sort=&page=1&display_cnt=90&group_sale=&exclusive_yn=&sale_goods=&timesale_yn=&ex_soldout=&kids=&color=1&price1=&price2=&shoeSizeOption=&tags=&campaign_id=&includeKeywords=&measure=,61,1,
https://www.musinsa.com/categories/item/001?d_cat_cd=001&brand=&list_kind=small&sort=pop_category&sub_sort=&page=1&display_cnt=90&group_sale=&exclusive_yn=&sale_goods=&timesale_yn=&ex_soldout=&kids=&color=1&price1=&price2=&shoeSizeOption=&tags=&campaign_id=&includeKeywords=&measure=,62,1,
https://www.musinsa.com/categories/item/001?d_cat_cd=001&brand=&list_kind=small&sort=pop_category&sub_sort=&page=1&display_cnt=90&group_sale=&exclusive_yn=&sale_goods=&timesale_yn=&ex_soldout=&kids=&color=1&price1=&price2=&shoeSizeOption=&tags=&campaign_id=&includeKeywords=&measure=,63,1,
https://www.musinsa.com/categories/item/001?d_cat_cd=001&brand=&list_kind=small&sort=pop_category&sub_sort=&page=1&display_cnt=90&group_sale=&exclusive_yn=&sale_goods=&timesale_yn=&ex_soldout=&kids=&color=1&price1=&price2=&shoeSizeOption=&tags=&campaign_id=&includeKeywords=&measure=,64,1,
https://www.musinsa.com/categories/item/001?d_cat_cd=001&brand=&list_kind=small&sort=pop_category&sub_sort=&page=1&display_cnt=90&group_sale=&exclusive_yn=&sale_goods=&timesale_yn=&ex_soldout=&kids=&color=1&price1=&price2=&shoeSizeOption=&tags=&campaign_id=&includeKeywords=&measure=,65,1,
https://www.musinsa.com/categories/item/001?d_cat_cd=001&brand=&list_kind=small&sort=pop_category&sub_sort=&page=1&display_cnt=90&group_sale=&exclusive_yn=&sale_goods=&timesale_yn=&ex_soldout=&kids=&color=1&price1=&price2=&shoeSizeOption=&tags=&campaign_id=&includeKeywords=&measure=,66,1,
https://www.musinsa.com/categories/item/001?d_cat_cd=001&brand=&list_kind=small&sort=pop_category&sub_sort=&page=1&display_cnt=90&group_sale=&exclusive_yn=&sale_goods=&timesale_yn=&ex_soldout=&kids=&color=1&price1=&price2=&shoeSizeOption=&tags=&campaign_id=&includeKeywords=&measure=,67,1,
https://www.musinsa.com/categories/item/001?d_cat_cd=001&brand=&list_kind=small&sort=pop_category&sub_sort=&page=1&display_cnt=90&group_sale=&exclusive_yn=&sale_goods=&timesale_yn=&ex_soldout=&kids=&color=1&price1=&price2=&shoeSizeOption=&tags=&campaign_id=&includeKeywords=&measure=,68,1,
https://www.musinsa.com/categories/item/001?d_cat_cd=001&brand=&list_kind=small&sort=pop_category&sub_sort=&page=1&display_cnt=90&group_sale=&exclusive_yn=&sale_goods=&timesale_yn=&ex_soldout=&kids=&color=1&price1=&price2=&shoeSizeOption=&tags=&campaign_id=&includeKeywords=&measure=,69,1,
https://www.musinsa.com/categories/item/001?d_cat_cd=001&brand=&list_kind=small&sort=pop_category&sub_sort=&page=1&display_cnt=90&group_sale=&exclusive_yn=&sale_goods=&timesale_yn=&ex_soldout=&kids=&color=1&price1=&price2=&shoeSizeOption=&tags=&campaign_id=&includeKeywords=&measure=,70,1,
https://www.musinsa.com/categories/item/001?d_cat_cd=001&brand=&list_kind=small&sort=pop_category&sub_sort=&page=1&display_cnt=90&group_sale=&exclusive_yn=&sale_goods=&timesale_yn=&ex_soldout=&kids=&color=1&price1=&price2=&shoeSizeOption=&tags=&campaign_id=&includeKeywords=&measure=,71,1,
https://www.musinsa.com/categories/item/001?d_cat_cd=001&brand=&list_kind=small&sort=pop_category&sub_sort=&page=1&display_cnt=90&group_sale=&exclusive_yn=&sale_goods=&timesale_yn=&ex_soldout=&kids=&color=1&price1=&price2=&shoeSizeOption=&tags=&campaign_id=&includeKeywords=&measure=,72,1,
https://www.musinsa.com/categories/item/001?d_cat_cd=001&brand=&list_kind=small&sort=pop_category&sub_sort=&page=1&display_cnt=90&group_sale=&exclusive_yn=&sale_goods=&timesale_yn=&ex_soldout=&kids=&color=1&price1=&price2=&shoeSizeOption=&tags=&campaign_id=&includeKeywords=&measure=,73,1,
https://www.musinsa.com/categories/item/001?d_cat_cd=001&brand=&list_kind=small&sort=pop_category&sub_sort=&page=1&display_cnt=90&group_sale=&exclusive_yn=&sale_goods=&timesale_yn=&ex_soldout=&kids=&color=1&price1=&price2=&shoeSizeOption=&tags=&campaign_id=&includeKeywords=&measure=,74,1,
https://www.musinsa.com/categories/item/001?d_cat_cd=001&brand=&list_kind=small&sort=pop_category&sub_sort=&page=1&display_cnt=90&group_sale=&exclusive_yn=&sale_goods=&timesale_yn=&ex_soldout=&kids=&color=1&price1=&price2=&shoeSizeOption=&tags=&campaign_id=&includeKeywords=&measure=,75,1,
https://www.musinsa.com/categories/item/001?d_cat_cd=001&brand=&list_kind=small&sort=pop_category&sub_sort=&page=1&display_cnt=90&group_sale=&exclusive_yn=&sale_goods=&timesale_yn=&ex_soldout=&kids=&color=1&price1=&price2=&shoeSizeOption=&tags=&campaign_id=&includeKeywords=&measure=,76,1,
https://www.musinsa.com/categories/item/001?d_cat_cd=001&brand=&list_kind=small&sort=pop_category&sub_sort=&page=1&display_cnt=90&group_sale=&exclusive_yn=&sale_goods=&timesale_yn=&ex_soldout=&kids=&color=1&price1=&price2=&shoeSizeOption=&tags=&campaign_id=&includeKeywords=&measure=,77,1,
https://www.musinsa.com/categories/item/001?d_cat_cd=001&brand=&list_kind=small&sort=pop_category&sub_sort=&page=1&display_cnt=90&group_sale=&exclusive_yn=&sale_goods=&timesale_yn=&ex_soldout=&kids=&color=1&price1=&price2=&shoeSizeOption=&tags=&campaign_id=&includeKeywords=&measure=,78,1,
https://www.musinsa.com/categories/item/001?d_cat_cd=001&brand=&list_kind=small&sort=pop_category&sub_sort=&page=1&display_cnt=90&group_sale=&exclusive_yn=&sale_goods=&timesale_yn=&ex_soldout=&kids=&color=1&price1=&price2=&shoeSizeOption=&tags=&campaign_id=&includeKeywords=&measure=,79,1,
https://www.musinsa.com/categories/item/001?d_cat_cd=001&brand=&list_kind=small&sort=pop_category&sub_sort=&page=1&display_cnt=90&group_sale=&exclusive_yn=&sale_goods=&timesale_yn=&ex_soldout=&kids=&color=1&price1=&price2=&shoeSizeOption=&tags=&campaign_id=&includeKeywords=&measure=,80,1,
https://www.musinsa.com/categories/item/001?d_cat_cd=001&brand=&list_kind=small&sort=pop_category&sub_sort=&page=1&display_cnt=90&group_sale=&exclusive_yn=&sale_goods=&timesale_yn=&ex_soldout=&kids=&color=1&price1=&price2=&shoeSizeOption=&tags=&campaign_id=&includeKeywords=&measure=,81,1,
https://www.musinsa.com/categories/item/001?d_cat_cd=001&brand=&list_kind=small&sort=pop_category&sub_sort=&page=1&display_cnt=90&group_sale=&exclusive_yn=&sale_goods=&timesale_yn=&ex_soldout=&kids=&color=1&price1=&price2=&shoeSizeOption=&tags=&campaign_id=&includeKeywords=&measure=,82,1,
https://www.musinsa.com/categories/item/001?d_cat_cd=001&brand=&list_kind=small&sort=pop_category&sub_sort=&page=1&display_cnt=90&group_sale=&exclusive_yn=&sale_goods=&timesale_yn=&ex_soldout=&kids=&color=1&price1=&price2=&shoeSizeOption=&tags=&campaign_id=&includeKeywords=&measure=,83,1,
https://www.musinsa.com/categories/item/001?d_cat_cd=001&brand=&list_kind=small&sort=pop_category&sub_sort=&page=1&display_cnt=90&group_sale=&exclusive_yn=&sale_goods=&timesale_yn=&ex_soldout=&kids=&color=1&price1=&price2=&shoeSizeOption=&tags=&campaign_id=&includeKeywords=&measure=,84,1,
https://www.musinsa.com/categories/item/001?d_cat_cd=001&brand=&list_kind=small&sort=pop_category&sub_sort=&page=1&display_cnt=90&group_sale=&exclusive_yn=&sale_goods=&timesale_yn=&ex_soldout=&kids=&color=1&price1=&price2=&shoeSizeOption=&tags=&campaign_id=&includeKeywords=&measure=,85,1,
https://www.musinsa.com/categories/item/001?d_cat_cd=001&brand=&list_kind=small&sort=pop_category&sub_sort=&page=1&display_cnt=90&group_sale=&exclusive_yn=&sale_goods=&timesale_yn=&ex_soldout=&kids=&color=1&price1=&price2=&shoeSizeOption=&tags=&campaign_id=&includeKeywords=&measure=,86,1,
https://www.musinsa.com/categories/item/001?d_cat_cd=001&brand=&list_kind=small&sort=pop_category&sub_sort=&page=1&display_cnt=90&group_sale=&exclusive_yn=&sale_goods=&timesale_yn=&ex_soldout=&kids=&color=1&price1=&price2=&shoeSizeOption=&tags=&campaign_id=&includeKeywords=&measure=,87,1,
https://www.musinsa.com/categories/item/001?d_cat_cd=001&brand=&list_kind=small&sort=pop_category&sub_sort=&page=1&display_cnt=90&group_sale=&exclusive_yn=&sale_goods=&timesale_yn=&ex_soldout=&kids=&color=1&price1=&price2=&shoeSizeOption=&tags=&campaign_id=&includeKeywords=&measure=,88,1,
https://www.musinsa.com/categories/item/001?d_cat_cd=001&brand=&list_kind=small&sort=pop_category&sub_sort=&page=1&display_cnt=90&group_sale=&exclusive_yn=&sale_goods=&timesale_yn=&ex_soldout=&kids=&color=1&price1=&price2=&shoeSizeOption=&tags=&campaign_id=&includeKeywords=&measure=,89,1,
https://www.musinsa.com/categories/item/001?d_cat_cd=001&brand=&list_kind=small&sort=pop_category&sub_sort=&page=1&display_cnt=90&group_sale=&exclusive_yn=&sale_goods=&timesale_yn=&ex_soldout=&kids=&color=1&price1=&price2=&shoeSizeOption=&tags=&campaign_id=&includeKeywords=&measure=,90,1,
https://www.musinsa.com/categories/item/001?d_cat_cd=001&brand=&list_kind=small&sort=pop_category&sub_sort=&page=2&display_cnt=90&group_sale=&exclusive_yn=&sale_goods=&timesale_yn=&ex_soldout=&kids=&color=1&price1=&price2=&shoeSizeOption=&tags=&campaign_id=&includeKeywords=&measure=,1,2,
https://www.musinsa.com/categories/item/001?d_cat_cd=001&brand=&list_kind=small&sort=pop_category&sub_sort=&page=2&display_cnt=90&group_sale=&exclusive_yn=&sale_goods=&timesale_yn=&ex_soldout=&kids=&color=1&price1=&price2=&shoeSizeOption=&tags=&campaign_id=&includeKeywords=&measure=,2,2,
https://www.musinsa.com/categories/item/001?d_cat_cd=001&brand=&list_kind=small&sort=pop_category&sub_sort=&page=2&display_cnt=90&group_sale=&exclusive_yn=&sale_goods=&timesale_yn=&ex_soldout=&kids=&color=1&price1=&price2=&shoeSizeOption=&tags=&campaign_id=&includeKeywords=&measure=,3,2,
https://www.musinsa.com/categories/item/001?d_cat_cd=001&brand=&list_kind=small&sort=pop_category&sub_sort=&page=2&display_cnt=90&group_sale=&exclusive_yn=&sale_goods=&timesale_yn=&ex_soldout=&kids=&color=1&price1=&price2=&shoeSizeOption=&tags=&campaign_id=&includeKeywords=&measure=,4,2,
https://www.musinsa.com/categories/item/001?d_cat_cd=001&brand=&list_kind=small&sort=pop_category&sub_sort=&page=2&display_cnt=90&group_sale=&exclusive_yn=&sale_goods=&timesale_yn=&ex_soldout=&kids=&color=1&price1=&price2=&shoeSizeOption=&tags=&campaign_id=&includeKeywords=&measure=,5,2,
https://www.musinsa.com/categories/item/001?d_cat_cd=001&brand=&list_kind=small&sort=pop_category&sub_sort=&page=2&display_cnt=90&group_sale=&exclusive_yn=&sale_goods=&timesale_yn=&ex_soldout=&kids=&color=1&price1=&price2=&shoeSizeOption=&tags=&campaign_id=&includeKeywords=&measure=,6,2,
https://www.musinsa.com/categories/item/001?d_cat_cd=001&brand=&list_kind=small&sort=pop_category&sub_sort=&page=2&display_cnt=90&group_sale=&exclusive_yn=&sale_goods=&timesale_yn=&ex_soldout=&kids=&color=1&price1=&price2=&shoeSizeOption=&tags=&campaign_id=&includeKeywords=&measure=,7,2,
https://www.musinsa.com/categories/item/001?d_cat_cd=001&brand=&list_kind=small&sort=pop_category&sub_sort=&page=2&display_cnt=90&group_sale=&exclusive_yn=&sale_goods=&timesale_yn=&ex_soldout=&kids=&color=1&price1=&price2=&shoeSizeOption=&tags=&campaign_id=&includeKeywords=&measure=,8,2,
https://www.musinsa.com/categories/item/001?d_cat_cd=001&brand=&list_kind=small&sort=pop_category&sub_sort=&page=2&display_cnt=90&group_sale=&exclusive_yn=&sale_goods=&timesale_yn=&ex_soldout=&kids=&color=1&price1=&price2=&shoeSizeOption=&tags=&campaign_id=&includeKeywords=&measure=,9,2,
https://www.musinsa.com/categories/item/001?d_cat_cd=001&brand=&list_kind=small&sort=pop_category&sub_sort=&page=2&display_cnt=90&group_sale=&exclusive_yn=&sale_goods=&timesale_yn=&ex_soldout=&kids=&color=1&price1=&price2=&shoeSizeOption=&tags=&campaign_id=&includeKeywords=&measure=,10,2,
https://www.musinsa.com/categories/item/001?d_cat_cd=001&brand=&list_kind=small&sort=pop_category&sub_sort=&page=2&display_cnt=90&group_sale=&exclusive_yn=&sale_goods=&timesale_yn=&ex_soldout=&kids=&color=1&price1=&price2=&shoeSizeOption=&tags=&campaign_id=&includeKeywords=&measure=,11,2,
https://www.musinsa.com/categories/item/001?d_cat_cd=001&brand=&list_kind=small&sort=pop_category&sub_sort=&page=2&display_cnt=90&group_sale=&exclusive_yn=&sale_goods=&timesale_yn=&ex_soldout=&kids=&color=1&price1=&price2=&shoeSizeOption=&tags=&campaign_id=&includeKeywords=&measure=,12,2,
https://www.musinsa.com/categories/item/001?d_cat_cd=001&brand=&list_kind=small&sort=pop_category&sub_sort=&page=2&display_cnt=90&group_sale=&exclusive_yn=&sale_goods=&timesale_yn=&ex_soldout=&kids=&color=1&price1=&price2=&shoeSizeOption=&tags=&campaign_id=&includeKeywords=&measure=,13,2,
https://www.musinsa.com/categories/item/001?d_cat_cd=001&brand=&list_kind=small&sort=pop_category&sub_sort=&page=2&display_cnt=90&group_sale=&exclusive_yn=&sale_goods=&timesale_yn=&ex_soldout=&kids=&color=1&price1=&price2=&shoeSizeOption=&tags=&campaign_id=&includeKeywords=&measure=,14,2,
https://www.musinsa.com/categories/item/001?d_cat_cd=001&brand=&list_kind=small&sort=pop_category&sub_sort=&page=2&display_cnt=90&group_sale=&exclusive_yn=&sale_goods=&timesale_yn=&ex_soldout=&kids=&color=1&price1=&price2=&shoeSizeOption=&tags=&campaign_id=&includeKeywords=&measure=,15,2,
https://www.musinsa.com/categories/item/001?d_cat_cd=001&brand=&list_kind=small&sort=pop_category&sub_sort=&page=2&display_cnt=90&group_sale=&exclusive_yn=&sale_goods=&timesale_yn=&ex_soldout=&kids=&color=1&price1=&price2=&shoeSizeOption=&tags=&campaign_id=&includeKeywords=&measure=,16,2,
https://www.musinsa.com/categories/item/001?d_cat_cd=001&brand=&list_kind=small&sort=pop_category&sub_sort=&page=2&display_cnt=90&group_sale=&exclusive_yn=&sale_goods=&timesale_yn=&ex_soldout=&kids=&color=1&price1=&price2=&shoeSizeOption=&tags=&campaign_id=&includeKeywords=&measure=,17,2,
https://www.musinsa.com/categories/item/001?d_cat_cd=001&brand=&list_kind=small&sort=pop_category&sub_sort=&page=2&display_cnt=90&group_sale=&exclusive_yn=&sale_goods=&timesale_yn=&ex_soldout=&kids=&color=1&price1=&price2=&shoeSizeOption=&tags=&campaign_id=&includeKeywords=&measure=,18,2,
https://www.musinsa.com/categories/item/001?d_cat_cd=001&brand=&list_kind=small&sort=pop_category&sub_sort=&page=2&display_cnt=90&group_sale=&exclusive_yn=&sale_goods=&timesale_yn=&ex_soldout=&kids=&color=1&price1=&price2=&shoeSizeOption=&tags=&campaign_id=&includeKeywords=&measure=,19,2,
https://www.musinsa.com/categories/item/001?d_cat_cd=001&brand=&list_kind=small&sort=pop_category&sub_sort=&page=2&display_cnt=90&group_sale=&exclusive_yn=&sale_goods=&timesale_yn=&ex_soldout=&kids=&color=1&price1=&price2=&shoeSizeOption=&tags=&campaign_id=&includeKeywords=&measure=,20,2,
https://www.musinsa.com/categories/item/001?d_cat_cd=001&brand=&list_kind=small&sort=pop_category&sub_sort=&page=2&display_cnt=90&group_sale=&exclusive_yn=&sale_goods=&timesale_yn=&ex_soldout=&kids=&color=1&price1=&price2=&shoeSizeOption=&tags=&campaign_id=&includeKeywords=&measure=,21,2,
https://www.musinsa.com/categories/item/001?d_cat_cd=001&brand=&list_kind=small&sort=pop_category&sub_sort=&page=2&display_cnt=90&group_sale=&exclusive_yn=&sale_goods=&timesale_yn=&ex_soldout=&kids=&color=1&price1=&price2=&shoeSizeOption=&tags=&campaign_id=&includeKeywords=&measure=,22,2,
https://www.musinsa.com/categories/item/001?d_cat_cd=001&brand=&list_kind=small&sort=pop_category&sub_sort=&page=2&display_cnt=90&group_sale=&exclusive_yn=&sale_goods=&timesale_yn=&ex_soldout=&kids=&color=1&price1=&price2=&shoeSizeOption=&tags=&campaign_id=&includeKeywords=&measure=,23,2,
https://www.musinsa.com/categories/item/001?d_cat_cd=001&brand=&list_kind=small&sort=pop_category&sub_sort=&page=2&display_cnt=90&group_sale=&exclusive_yn=&sale_goods=&timesale_yn=&ex_soldout=&kids=&color=1&price1=&price2=&shoeSizeOption=&tags=&campaign_id=&includeKeywords=&measure=,24,2,
https://www.musinsa.com/categories/item/001?d_cat_cd=001&brand=&list_kind=small&sort=pop_category&sub_sort=&page=2&display_cnt=90&group_sale=&exclusive_yn=&sale_goods=&timesale_yn=&ex_soldout=&kids=&color=1&price1=&price2=&shoeSizeOption=&tags=&campaign_id=&includeKeywords=&measure=,25,2,
https://www.musinsa.com/categories/item/001?d_cat_cd=001&brand=&list_kind=small&sort=pop_category&sub_sort=&page=2&display_cnt=90&group_sale=&exclusive_yn=&sale_goods=&timesale_yn=&ex_soldout=&kids=&color=1&price1=&price2=&shoeSizeOption=&tags=&campaign_id=&includeKeywords=&measure=,26,2,
https://www.musinsa.com/categories/item/001?d_cat_cd=001&brand=&list_kind=small&sort=pop_category&sub_sort=&page=2&display_cnt=90&group_sale=&exclusive_yn=&sale_goods=&timesale_yn=&ex_soldout=&kids=&color=1&price1=&price2=&shoeSizeOption=&tags=&campaign_id=&includeKeywords=&measure=,27,2,
https://www.musinsa.com/categories/item/001?d_cat_cd=001&brand=&list_kind=small&sort=pop_category&sub_sort=&page=2&display_cnt=90&group_sale=&exclusive_yn=&sale_goods=&timesale_yn=&ex_soldout=&kids=&color=1&price1=&price2=&shoeSizeOption=&tags=&campaign_id=&includeKeywords=&measure=,28,2,
https://www.musinsa.com/categories/item/001?d_cat_cd=001&brand=&list_kind=small&sort=pop_category&sub_sort=&page=2&display_cnt=90&group_sale=&exclusive_yn=&sale_goods=&timesale_yn=&ex_soldout=&kids=&color=1&price1=&price2=&shoeSizeOption=&tags=&campaign_id=&includeKeywords=&measure=,29,2,
https://www.musinsa.com/categories/item/001?d_cat_cd=001&brand=&list_kind=small&sort=pop_category&sub_sort=&page=2&display_cnt=90&group_sale=&exclusive_yn=&sale_goods=&timesale_yn=&ex_soldout=&kids=&color=1&price1=&price2=&shoeSizeOption=&tags=&campaign_id=&includeKeywords=&measure=,30,2,
https://www.musinsa.com/categories/item/001?d_cat_cd=001&brand=&list_kind=small&sort=pop_category&sub_sort=&page=2&display_cnt=90&group_sale=&exclusive_yn=&sale_goods=&timesale_yn=&ex_soldout=&kids=&color=1&price1=&price2=&shoeSizeOption=&tags=&campaign_id=&includeKeywords=&measure=,31,2,
https://www.musinsa.com/categories/item/001?d_cat_cd=001&brand=&list_kind=small&sort=pop_category&sub_sort=&page=2&display_cnt=90&group_sale=&exclusive_yn=&sale_goods=&timesale_yn=&ex_soldout=&kids=&color=1&price1=&price2=&shoeSizeOption=&tags=&campaign_id=&includeKeywords=&measure=,32,2,
https://www.musinsa.com/categories/item/001?d_cat_cd=001&brand=&list_kind=small&sort=pop_category&sub_sort=&page=2&display_cnt=90&group_sale=&exclusive_yn=&sale_goods=&timesale_yn=&ex_soldout=&kids=&color=1&price1=&price2=&shoeSizeOption=&tags=&campaign_id=&includeKeywords=&measure=,33,2,
https://www.musinsa.com/categories/item/001?d_cat_cd=001&brand=&list_kind=small&sort=pop_category&sub_sort=&page=2&display_cnt=90&group_sale=&exclusive_yn=&sale_goods=&timesale_yn=&ex_soldout=&kids=&color=1&price1=&price2=&shoeSizeOption=&tags=&campaign_id=&includeKeywords=&measure=,34,2,
https://www.musinsa.com/categories/item/001?d_cat_cd=001&brand=&list_kind=small&sort=pop_category&sub_sort=&page=2&display_cnt=90&group_sale=&exclusive_yn=&sale_goods=&timesale_yn=&ex_soldout=&kids=&color=1&price1=&price2=&shoeSizeOption=&tags=&campaign_id=&includeKeywords=&measure=,35,2,
https://www.musinsa.com/categories/item/001?d_cat_cd=001&brand=&list_kind=small&sort=pop_category&sub_sort=&page=2&display_cnt=90&group_sale=&exclusive_yn=&sale_goods=&timesale_yn=&ex_soldout=&kids=&color=1&price1=&price2=&shoeSizeOption=&tags=&campaign_id=&includeKeywords=&measure=,36,2,
https://www.musinsa.com/categories/item/001?d_cat_cd=001&brand=&list_kind=small&sort=pop_category&sub_sort=&page=2&display_cnt=90&group_sale=&exclusive_yn=&sale_goods=&timesale_yn=&ex_soldout=&kids=&color=1&price1=&price2=&shoeSizeOption=&tags=&campaign_id=&includeKeywords=&measure=,37,2,
https://www.musinsa.com/categories/item/001?d_cat_cd=001&brand=&list_kind=small&sort=pop_category&sub_sort=&page=2&display_cnt=90&group_sale=&exclusive_yn=&sale_goods=&timesale_yn=&ex_soldout=&kids=&color=1&price1=&price2=&shoeSizeOption=&tags=&campaign_id=&includeKeywords=&measure=,38,2,
https://www.musinsa.com/categories/item/001?d_cat_cd=001&brand=&list_kind=small&sort=pop_category&sub_sort=&page=2&display_cnt=90&group_sale=&exclusive_yn=&sale_goods=&timesale_yn=&ex_soldout=&kids=&color=1&price1=&price2=&shoeSizeOption=&tags=&campaign_id=&includeKeywords=&measure=,39,2,
https://www.musinsa.com/categories/item/001?d_cat_cd=001&brand=&list_kind=small&sort=pop_category&sub_sort=&page=2&display_cnt=90&group_sale=&exclusive_yn=&sale_goods=&timesale_yn=&ex_soldout=&kids=&color=1&price1=&price2=&shoeSizeOption=&tags=&campaign_id=&includeKeywords=&measure=,40,2,
https://www.musinsa.com/categories/item/001?d_cat_cd=001&brand=&list_kind=small&sort=pop_category&sub_sort=&page=2&display_cnt=90&group_sale=&exclusive_yn=&sale_goods=&timesale_yn=&ex_soldout=&kids=&color=1&price1=&price2=&shoeSizeOption=&tags=&campaign_id=&includeKeywords=&measure=,41,2,
https://www.musinsa.com/categories/item/001?d_cat_cd=001&brand=&list_kind=small&sort=pop_category&sub_sort=&page=2&display_cnt=90&group_sale=&exclusive_yn=&sale_goods=&timesale_yn=&ex_soldout=&kids=&color=1&price1=&price2=&shoeSizeOption=&tags=&campaign_id=&includeKeywords=&measure=,42,2,
https://www.musinsa.com/categories/item/001?d_cat_cd=001&brand=&list_kind=small&sort=pop_category&sub_sort=&page=2&display_cnt=90&group_sale=&exclusive_yn=&sale_goods=&timesale_yn=&ex_soldout=&kids=&color=1&price1=&price2=&shoeSizeOption=&tags=&campaign_id=&includeKeywords=&measure=,43,2,
https://www.musinsa.com/categories/item/001?d_cat_cd=001&brand=&list_kind=small&sort=pop_category&sub_sort=&page=2&display_cnt=90&group_sale=&exclusive_yn=&sale_goods=&timesale_yn=&ex_soldout=&kids=&color=1&price1=&price2=&shoeSizeOption=&tags=&campaign_id=&includeKeywords=&measure=,44,2,
https://www.musinsa.com/categories/item/001?d_cat_cd=001&brand=&list_kind=small&sort=pop_category&sub_sort=&page=2&display_cnt=90&group_sale=&exclusive_yn=&sale_goods=&timesale_yn=&ex_soldout=&kids=&color=1&price1=&price2=&shoeSizeOption=&tags=&campaign_id=&includeKeywords=&measure=,45,2,
https://www.musinsa.com/categories/item/001?d_cat_cd=001&brand=&list_kind=small&sort=pop_category&sub_sort=&page=2&display_cnt=90&group_sale=&exclusive_yn=&sale_goods=&timesale_yn=&ex_soldout=&kids=&color=1&price1=&price2=&shoeSizeOption=&tags=&campaign_id=&includeKeywords=&measure=,46,2,
https://www.musinsa.com/categories/item/001?d_cat_cd=001&brand=&list_kind=small&sort=pop_category&sub_sort=&page=2&display_cnt=90&group_sale=&exclusive_yn=&sale_goods=&timesale_yn=&ex_soldout=&kids=&color=1&price1=&price2=&shoeSizeOption=&tags=&campaign_id=&includeKeywords=&measure=,47,2,
https://www.musinsa.com/categories/item/001?d_cat_cd=001&brand=&list_kind=small&sort=pop_category&sub_sort=&page=2&display_cnt=90&group_sale=&exclusive_yn=&sale_goods=&timesale_yn=&ex_soldout=&kids=&color=1&price1=&price2=&shoeSizeOption=&tags=&campaign_id=&includeKeywords=&measure=,48,2,
https://www.musinsa.com/categories/item/001?d_cat_cd=001&brand=&list_kind=small&sort=pop_category&sub_sort=&page=2&display_cnt=90&group_sale=&exclusive_yn=&sale_goods=&timesale_yn=&ex_soldout=&kids=&color=1&price1=&price2=&shoeSizeOption=&tags=&campaign_id=&includeKeywords=&measure=,49,2,
https://www.musinsa.com/categories/item/001?d_cat_cd=001&brand=&list_kind=small&sort=pop_category&sub_sort=&page=2&display_cnt=90&group_sale=&exclusive_yn=&sale_goods=&timesale_yn=&ex_soldout=&kids=&color=1&price1=&price2=&shoeSizeOption=&tags=&campaign_id=&includeKeywords=&measure=,50,2,
https://www.musinsa.com/categories/item/001?d_cat_cd=001&brand=&list_kind=small&sort=pop_category&sub_sort=&page=2&display_cnt=90&group_sale=&exclusive_yn=&sale_goods=&timesale_yn=&ex_soldout=&kids=&color=1&price1=&price2=&shoeSizeOption=&tags=&campaign_id=&includeKeywords=&measure=,51,2,
https://www.musinsa.com/categories/item/001?d_cat_cd=001&brand=&list_kind=small&sort=pop_category&sub_sort=&page=2&display_cnt=90&group_sale=&exclusive_yn=&sale_goods=&timesale_yn=&ex_soldout=&kids=&color=1&price1=&price2=&shoeSizeOption=&tags=&campaign_id=&includeKeywords=&measure=,52,2,
https://www.musinsa.com/categories/item/001?d_cat_cd=001&brand=&list_kind=small&sort=pop_category&sub_sort=&page=2&display_cnt=90&group_sale=&exclusive_yn=&sale_goods=&timesale_yn=&ex_soldout=&kids=&color=1&price1=&price2=&shoeSizeOption=&tags=&campaign_id=&includeKeywords=&measure=,53,2,
https://www.musinsa.com/categories/item/001?d_cat_cd=001&brand=&list_kind=small&sort=pop_category&sub_sort=&page=2&display_cnt=90&group_sale=&exclusive_yn=&sale_goods=&timesale_yn=&ex_soldout=&kids=&color=1&price1=&price2=&shoeSizeOption=&tags=&campaign_id=&includeKeywords=&measure=,54,2,
https://www.musinsa.com/categories/item/001?d_cat_cd=001&brand=&list_kind=small&sort=pop_category&sub_sort=&page=2&display_cnt=90&group_sale=&exclusive_yn=&sale_goods=&timesale_yn=&ex_soldout=&kids=&color=1&price1=&price2=&shoeSizeOption=&tags=&campaign_id=&includeKeywords=&measure=,55,2,
https://www.musinsa.com/categories/item/001?d_cat_cd=001&brand=&list_kind=small&sort=pop_category&sub_sort=&page=2&display_cnt=90&group_sale=&exclusive_yn=&sale_goods=&timesale_yn=&ex_soldout=&kids=&color=1&price1=&price2=&shoeSizeOption=&tags=&campaign_id=&includeKeywords=&measure=,56,2,
https://www.musinsa.com/categories/item/001?d_cat_cd=001&brand=&list_kind=small&sort=pop_category&sub_sort=&page=2&display_cnt=90&group_sale=&exclusive_yn=&sale_goods=&timesale_yn=&ex_soldout=&kids=&color=1&price1=&price2=&shoeSizeOption=&tags=&campaign_id=&includeKeywords=&measure=,57,2,
https://www.musinsa.com/categories/item/001?d_cat_cd=001&brand=&list_kind=small&sort=pop_category&sub_sort=&page=2&display_cnt=90&group_sale=&exclusive_yn=&sale_goods=&timesale_yn=&ex_soldout=&kids=&color=1&price1=&price2=&shoeSizeOption=&tags=&campaign_id=&includeKeywords=&measure=,58,2,
https://www.musinsa.com/categories/item/001?d_cat_cd=001&brand=&list_kind=small&sort=pop_category&sub_sort=&page=2&display_cnt=90&group_sale=&exclusive_yn=&sale_goods=&timesale_yn=&ex_soldout=&kids=&color=1&price1=&price2=&shoeSizeOption=&tags=&campaign_id=&includeKeywords=&measure=,59,2,
https://www.musinsa.com/categories/item/001?d_cat_cd=001&brand=&list_kind=small&sort=pop_category&sub_sort=&page=2&display_cnt=90&group_sale=&exclusive_yn=&sale_goods=&timesale_yn=&ex_soldout=&kids=&color=1&price1=&price2=&shoeSizeOption=&tags=&campaign_id=&includeKeywords=&measure=,60,2,
https://www.musinsa.com/categories/item/001?d_cat_cd=001&brand=&list_kind=small&sort=pop_category&sub_sort=&page=2&display_cnt=90&group_sale=&exclusive_yn=&sale_goods=&timesale_yn=&ex_soldout=&kids=&color=1&price1=&price2=&shoeSizeOption=&tags=&campaign_id=&includeKeywords=&measure=,61,2,
https://www.musinsa.com/categories/item/001?d_cat_cd=001&brand=&list_kind=small&sort=pop_category&sub_sort=&page=2&display_cnt=90&group_sale=&exclusive_yn=&sale_goods=&timesale_yn=&ex_soldout=&kids=&color=1&price1=&price2=&shoeSizeOption=&tags=&campaign_id=&includeKeywords=&measure=,62,2,
https://www.musinsa.com/categories/item/001?d_cat_cd=001&brand=&list_kind=small&sort=pop_category&sub_sort=&page=2&display_cnt=90&group_sale=&exclusive_yn=&sale_goods=&timesale_yn=&ex_soldout=&kids=&color=1&price1=&price2=&shoeSizeOption=&tags=&campaign_id=&includeKeywords=&measure=,63,2,
https://www.musinsa.com/categories/item/001?d_cat_cd=001&brand=&list_kind=small&sort=pop_category&sub_sort=&page=2&display_cnt=90&group_sale=&exclusive_yn=&sale_goods=&timesale_yn=&ex_soldout=&kids=&color=1&price1=&price2=&shoeSizeOption=&tags=&campaign_id=&includeKeywords=&measure=,64,2,
https://www.musinsa.com/categories/item/001?d_cat_cd=001&brand=&list_kind=small&sort=pop_category&sub_sort=&page=2&display_cnt=90&group_sale=&exclusive_yn=&sale_goods=&timesale_yn=&ex_soldout=&kids=&color=1&price1=&price2=&shoeSizeOption=&tags=&campaign_id=&includeKeywords=&measure=,65,2,
https://www.musinsa.com/categories/item/001?d_cat_cd=001&brand=&list_kind=small&sort=pop_category&sub_sort=&page=2&display_cnt=90&group_sale=&exclusive_yn=&sale_goods=&timesale_yn=&ex_soldout=&kids=&color=1&price1=&price2=&shoeSizeOption=&tags=&campaign_id=&includeKeywords=&measure=,66,2,
https://www.musinsa.com/categories/item/001?d_cat_cd=001&brand=&list_kind=small&sort=pop_category&sub_sort=&page=2&display_cnt=90&group_sale=&exclusive_yn=&sale_goods=&timesale_yn=&ex_soldout=&kids=&color=1&price1=&price2=&shoeSizeOption=&tags=&campaign_id=&includeKeywords=&measure=,67,2,
https://www.musinsa.com/categories/item/001?d_cat_cd=001&brand=&list_kind=small&sort=pop_category&sub_sort=&page=2&display_cnt=90&group_sale=&exclusive_yn=&sale_goods=&timesale_yn=&ex_soldout=&kids=&color=1&price1=&price2=&shoeSizeOption=&tags=&campaign_id=&includeKeywords=&measure=,68,2,
https://www.musinsa.com/categories/item/001?d_cat_cd=001&brand=&list_kind=small&sort=pop_category&sub_sort=&page=2&display_cnt=90&group_sale=&exclusive_yn=&sale_goods=&timesale_yn=&ex_soldout=&kids=&color=1&price1=&price2=&shoeSizeOption=&tags=&campaign_id=&includeKeywords=&measure=,69,2,
https://www.musinsa.com/categories/item/001?d_cat_cd=001&brand=&list_kind=small&sort=pop_category&sub_sort=&page=2&display_cnt=90&group_sale=&exclusive_yn=&sale_goods=&timesale_yn=&ex_soldout=&kids=&color=1&price1=&price2=&shoeSizeOption=&tags=&campaign_id=&includeKeywords=&measure=,70,2,
https://www.musinsa.com/categories/item/001?d_cat_cd=001&brand=&list_kind=small&sort=pop_category&sub_sort=&page=2&display_cnt=90&group_sale=&exclusive_yn=&sale_goods=&timesale_yn=&ex_soldout=&kids=&color=1&price1=&price2=&shoeSizeOption=&tags=&campaign_id=&includeKeywords=&measure=,71,2,
https://www.musinsa.com/categories/item/001?d_cat_cd=001&brand=&list_kind=small&sort=pop_category&sub_sort=&page=2&display_cnt=90&group_sale=&exclusive_yn=&sale_goods=&timesale_yn=&ex_soldout=&kids=&color=1&price1=&price2=&shoeSizeOption=&tags=&campaign_id=&includeKeywords=&measure=,72,2,
https://www.musinsa.com/categories/item/001?d_cat_cd=001&brand=&list_kind=small&sort=pop_category&sub_sort=&page=2&display_cnt=90&group_sale=&exclusive_yn=&sale_goods=&timesale_yn=&ex_soldout=&kids=&color=1&price1=&price2=&shoeSizeOption=&tags=&campaign_id=&includeKeywords=&measure=,73,2,
https://www.musinsa.com/categories/item/001?d_cat_cd=001&brand=&list_kind=small&sort=pop_category&sub_sort=&page=2&display_cnt=90&group_sale=&exclusive_yn=&sale_goods=&timesale_yn=&ex_soldout=&kids=&color=1&price1=&price2=&shoeSizeOption=&tags=&campaign_id=&includeKeywords=&measure=,74,2,
https://www.musinsa.com/categories/item/001?d_cat_cd=001&brand=&list_kind=small&sort=pop_category&sub_sort=&page=2&display_cnt=90&group_sale=&exclusive_yn=&sale_goods=&timesale_yn=&ex_soldout=&kids=&color=1&price1=&price2=&shoeSizeOption=&tags=&campaign_id=&includeKeywords=&measure=,75,2,
https://www.musinsa.com/categories/item/001?d_cat_cd=001&brand=&list_kind=small&sort=pop_category&sub_sort=&page=2&display_cnt=90&group_sale=&exclusive_yn=&sale_goods=&timesale_yn=&ex_soldout=&kids=&color=1&price1=&price2=&shoeSizeOption=&tags=&campaign_id=&includeKeywords=&measure=,76,2,
https://www.musinsa.com/categories/item/001?d_cat_cd=001&brand=&list_kind=small&sort=pop_category&sub_sort=&page=2&display_cnt=90&group_sale=&exclusive_yn=&sale_goods=&timesale_yn=&ex_soldout=&kids=&color=1&price1=&price2=&shoeSizeOption=&tags=&campaign_id=&includeKeywords=&measure=,77,2,
https://www.musinsa.com/categories/item/001?d_cat_cd=001&brand=&list_kind=small&sort=pop_category&sub_sort=&page=2&display_cnt=90&group_sale=&exclusive_yn=&sale_goods=&timesale_yn=&ex_soldout=&kids=&color=1&price1=&price2=&shoeSizeOption=&tags=&campaign_id=&includeKeywords=&measure=,78,2,
https://www.musinsa.com/categories/item/001?d_cat_cd=001&brand=&list_kind=small&sort=pop_category&sub_sort=&page=2&display_cnt=90&group_sale=&exclusive_yn=&sale_goods=&timesale_yn=&ex_soldout=&kids=&color=1&price1=&price2=&shoeSizeOption=&tags=&campaign_id=&includeKeywords=&measure=,79,2,
https://www.musinsa.com/categories/item/001?d_cat_cd=001&brand=&list_kind=small&sort=pop_category&sub_sort=&page=2&display_cnt=90&group_sale=&exclusive_yn=&sale_goods=&timesale_yn=&ex_soldout=&kids=&color=1&price1=&price2=&shoeSizeOption=&tags=&campaign_id=&includeKeywords=&measure=,80,2,
https://www.musinsa.com/categories/item/001?d_cat_cd=001&brand=&list_kind=small&sort=pop_category&sub_sort=&page=2&display_cnt=90&group_sale=&exclusive_yn=&sale_goods=&timesale_yn=&ex_soldout=&kids=&color=1&price1=&price2=&shoeSizeOption=&tags=&campaign_id=&includeKeywords=&measure=,81,2,
https://www.musinsa.com/categories/item/001?d_cat_cd=001&brand=&list_kind=small&sort=pop_category&sub_sort=&page=2&display_cnt=90&group_sale=&exclusive_yn=&sale_goods=&timesale_yn=&ex_soldout=&kids=&color=1&price1=&price2=&shoeSizeOption=&tags=&campaign_id=&includeKeywords=&measure=,82,2,
https://www.musinsa.com/categories/item/001?d_cat_cd=001&brand=&list_kind=small&sort=pop_category&sub_sort=&page=2&display_cnt=90&group_sale=&exclusive_yn=&sale_goods=&timesale_yn=&ex_soldout=&kids=&color=1&price1=&price2=&shoeSizeOption=&tags=&campaign_id=&includeKeywords=&measure=,83,2,
https://www.musinsa.com/categories/item/001?d_cat_cd=001&brand=&list_kind=small&sort=pop_category&sub_sort=&page=2&display_cnt=90&group_sale=&exclusive_yn=&sale_goods=&timesale_yn=&ex_soldout=&kids=&color=1&price1=&price2=&shoeSizeOption=&tags=&campaign_id=&includeKeywords=&measure=,84,2,
https://www.musinsa.com/categories/item/001?d_cat_cd=001&brand=&list_kind=small&sort=pop_category&sub_sort=&page=2&display_cnt=90&group_sale=&exclusive_yn=&sale_goods=&timesale_yn=&ex_soldout=&kids=&color=1&price1=&price2=&shoeSizeOption=&tags=&campaign_id=&includeKeywords=&measure=,85,2,
https://www.musinsa.com/categories/item/001?d_cat_cd=001&brand=&list_kind=small&sort=pop_category&sub_sort=&page=2&display_cnt=90&group_sale=&exclusive_yn=&sale_goods=&timesale_yn=&ex_soldout=&kids=&color=1&price1=&price2=&shoeSizeOption=&tags=&campaign_id=&includeKeywords=&measure=,86,2,
https://www.musinsa.com/categories/item/001?d_cat_cd=001&brand=&list_kind=small&sort=pop_category&sub_sort=&page=2&display_cnt=90&group_sale=&exclusive_yn=&sale_goods=&timesale_yn=&ex_soldout=&kids=&color=1&price1=&price2=&shoeSizeOption=&tags=&campaign_id=&includeKeywords=&measure=,87,2,
https://www.musinsa.com/categories/item/001?d_cat_cd=001&brand=&list_kind=small&sort=pop_category&sub_sort=&page=2&display_cnt=90&group_sale=&exclusive_yn=&sale_goods=&timesale_yn=&ex_soldout=&kids=&color=1&price1=&price2=&shoeSizeOption=&tags=&campaign_id=&includeKeywords=&measure=,88,2,
https://www.musinsa.com/categories/item/001?d_cat_cd=001&brand=&list_kind=small&sort=pop_category&sub_sort=&page=2&display_cnt=90&group_sale=&exclusive_yn=&sale_goods=&timesale_yn=&ex_soldout=&kids=&color=1&price1=&price2=&shoeSizeOption=&tags=&campaign_id=&includeKeywords=&measure=,89,2,
https://www.musinsa.com/categories/item/001?d_cat_cd=001&brand=&list_kind=small&sort=pop_category&sub_sort=&page=2&display_cnt=90&group_sale=&exclusive_yn=&sale_goods=&timesale_yn=&ex_soldout=&kids=&color=1&price1=&price2=&shoeSizeOption=&tags=&campaign_id=&includeKeywords=&measure=,90,2,
https://www.musinsa.com/categories/item/001?d_cat_cd=001&brand=&list_kind=small&sort=pop_category&sub_sort=&page=3&display_cnt=90&group_sale=&exclusive_yn=&sale_goods=&timesale_yn=&ex_soldout=&kids=&color=1&price1=&price2=&shoeSizeOption=&tags=&campaign_id=&includeKeywords=&measure=,1,3,
https://www.musinsa.com/categories/item/001?d_cat_cd=001&brand=&list_kind=small&sort=pop_category&sub_sort=&page=3&display_cnt=90&group_sale=&exclusive_yn=&sale_goods=&timesale_yn=&ex_soldout=&kids=&color=1&price1=&price2=&shoeSizeOption=&tags=&campaign_id=&includeKeywords=&measure=,2,3,
https://www.musinsa.com/categories/item/001?d_cat_cd=001&brand=&list_kind=small&sort=pop_category&sub_sort=&page=3&display_cnt=90&group_sale=&exclusive_yn=&sale_goods=&timesale_yn=&ex_soldout=&kids=&color=1&price1=&price2=&shoeSizeOption=&tags=&campaign_id=&includeKeywords=&measure=,3,3,
https://www.musinsa.com/categories/item/001?d_cat_cd=001&brand=&list_kind=small&sort=pop_category&sub_sort=&page=3&display_cnt=90&group_sale=&exclusive_yn=&sale_goods=&timesale_yn=&ex_soldout=&kids=&color=1&price1=&price2=&shoeSizeOption=&tags=&campaign_id=&includeKeywords=&measure=,4,3,
https://www.musinsa.com/categories/item/001?d_cat_cd=001&brand=&list_kind=small&sort=pop_category&sub_sort=&page=3&display_cnt=90&group_sale=&exclusive_yn=&sale_goods=&timesale_yn=&ex_soldout=&kids=&color=1&price1=&price2=&shoeSizeOption=&tags=&campaign_id=&includeKeywords=&measure=,5,3,
https://www.musinsa.com/categories/item/001?d_cat_cd=001&brand=&list_kind=small&sort=pop_category&sub_sort=&page=3&display_cnt=90&group_sale=&exclusive_yn=&sale_goods=&timesale_yn=&ex_soldout=&kids=&color=1&price1=&price2=&shoeSizeOption=&tags=&campaign_id=&includeKeywords=&measure=,6,3,
https://www.musinsa.com/categories/item/001?d_cat_cd=001&brand=&list_kind=small&sort=pop_category&sub_sort=&page=3&display_cnt=90&group_sale=&exclusive_yn=&sale_goods=&timesale_yn=&ex_soldout=&kids=&color=1&price1=&price2=&shoeSizeOption=&tags=&campaign_id=&includeKeywords=&measure=,7,3,
https://www.musinsa.com/categories/item/001?d_cat_cd=001&brand=&list_kind=small&sort=pop_category&sub_sort=&page=3&display_cnt=90&group_sale=&exclusive_yn=&sale_goods=&timesale_yn=&ex_soldout=&kids=&color=1&price1=&price2=&shoeSizeOption=&tags=&campaign_id=&includeKeywords=&measure=,8,3,
https://www.musinsa.com/categories/item/001?d_cat_cd=001&brand=&list_kind=small&sort=pop_category&sub_sort=&page=3&display_cnt=90&group_sale=&exclusive_yn=&sale_goods=&timesale_yn=&ex_soldout=&kids=&color=1&price1=&price2=&shoeSizeOption=&tags=&campaign_id=&includeKeywords=&measure=,9,3,
https://www.musinsa.com/categories/item/001?d_cat_cd=001&brand=&list_kind=small&sort=pop_category&sub_sort=&page=3&display_cnt=90&group_sale=&exclusive_yn=&sale_goods=&timesale_yn=&ex_soldout=&kids=&color=1&price1=&price2=&shoeSizeOption=&tags=&campaign_id=&includeKeywords=&measure=,10,3,
https://www.musinsa.com/categories/item/001?d_cat_cd=001&brand=&list_kind=small&sort=pop_category&sub_sort=&page=3&display_cnt=90&group_sale=&exclusive_yn=&sale_goods=&timesale_yn=&ex_soldout=&kids=&color=1&price1=&price2=&shoeSizeOption=&tags=&campaign_id=&includeKeywords=&measure=,11,3,
https://www.musinsa.com/categories/item/001?d_cat_cd=001&brand=&list_kind=small&sort=pop_category&sub_sort=&page=3&display_cnt=90&group_sale=&exclusive_yn=&sale_goods=&timesale_yn=&ex_soldout=&kids=&color=1&price1=&price2=&shoeSizeOption=&tags=&campaign_id=&includeKeywords=&measure=,12,3,
https://www.musinsa.com/categories/item/001?d_cat_cd=001&brand=&list_kind=small&sort=pop_category&sub_sort=&page=3&display_cnt=90&group_sale=&exclusive_yn=&sale_goods=&timesale_yn=&ex_soldout=&kids=&color=1&price1=&price2=&shoeSizeOption=&tags=&campaign_id=&includeKeywords=&measure=,13,3,
https://www.musinsa.com/categories/item/001?d_cat_cd=001&brand=&list_kind=small&sort=pop_category&sub_sort=&page=3&display_cnt=90&group_sale=&exclusive_yn=&sale_goods=&timesale_yn=&ex_soldout=&kids=&color=1&price1=&price2=&shoeSizeOption=&tags=&campaign_id=&includeKeywords=&measure=,14,3,
https://www.musinsa.com/categories/item/001?d_cat_cd=001&brand=&list_kind=small&sort=pop_category&sub_sort=&page=3&display_cnt=90&group_sale=&exclusive_yn=&sale_goods=&timesale_yn=&ex_soldout=&kids=&color=1&price1=&price2=&shoeSizeOption=&tags=&campaign_id=&includeKeywords=&measure=,15,3,
https://www.musinsa.com/categories/item/001?d_cat_cd=001&brand=&list_kind=small&sort=pop_category&sub_sort=&page=3&display_cnt=90&group_sale=&exclusive_yn=&sale_goods=&timesale_yn=&ex_soldout=&kids=&color=1&price1=&price2=&shoeSizeOption=&tags=&campaign_id=&includeKeywords=&measure=,16,3,
https://www.musinsa.com/categories/item/001?d_cat_cd=001&brand=&list_kind=small&sort=pop_category&sub_sort=&page=3&display_cnt=90&group_sale=&exclusive_yn=&sale_goods=&timesale_yn=&ex_soldout=&kids=&color=1&price1=&price2=&shoeSizeOption=&tags=&campaign_id=&includeKeywords=&measure=,17,3,
https://www.musinsa.com/categories/item/001?d_cat_cd=001&brand=&list_kind=small&sort=pop_category&sub_sort=&page=3&display_cnt=90&group_sale=&exclusive_yn=&sale_goods=&timesale_yn=&ex_soldout=&kids=&color=1&price1=&price2=&shoeSizeOption=&tags=&campaign_id=&includeKeywords=&measure=,18,3,
https://www.musinsa.com/categories/item/001?d_cat_cd=001&brand=&list_kind=small&sort=pop_category&sub_sort=&page=3&display_cnt=90&group_sale=&exclusive_yn=&sale_goods=&timesale_yn=&ex_soldout=&kids=&color=1&price1=&price2=&shoeSizeOption=&tags=&campaign_id=&includeKeywords=&measure=,19,3,
https://www.musinsa.com/categories/item/001?d_cat_cd=001&brand=&list_kind=small&sort=pop_category&sub_sort=&page=3&display_cnt=90&group_sale=&exclusive_yn=&sale_goods=&timesale_yn=&ex_soldout=&kids=&color=1&price1=&price2=&shoeSizeOption=&tags=&campaign_id=&includeKeywords=&measure=,20,3,
https://www.musinsa.com/categories/item/001?d_cat_cd=001&brand=&list_kind=small&sort=pop_category&sub_sort=&page=3&display_cnt=90&group_sale=&exclusive_yn=&sale_goods=&timesale_yn=&ex_soldout=&kids=&color=1&price1=&price2=&shoeSizeOption=&tags=&campaign_id=&includeKeywords=&measure=,21,3,
https://www.musinsa.com/categories/item/001?d_cat_cd=001&brand=&list_kind=small&sort=pop_category&sub_sort=&page=3&display_cnt=90&group_sale=&exclusive_yn=&sale_goods=&timesale_yn=&ex_soldout=&kids=&color=1&price1=&price2=&shoeSizeOption=&tags=&campaign_id=&includeKeywords=&measure=,22,3,
https://www.musinsa.com/categories/item/001?d_cat_cd=001&brand=&list_kind=small&sort=pop_category&sub_sort=&page=3&display_cnt=90&group_sale=&exclusive_yn=&sale_goods=&timesale_yn=&ex_soldout=&kids=&color=1&price1=&price2=&shoeSizeOption=&tags=&campaign_id=&includeKeywords=&measure=,23,3,
https://www.musinsa.com/categories/item/001?d_cat_cd=001&brand=&list_kind=small&sort=pop_category&sub_sort=&page=3&display_cnt=90&group_sale=&exclusive_yn=&sale_goods=&timesale_yn=&ex_soldout=&kids=&color=1&price1=&price2=&shoeSizeOption=&tags=&campaign_id=&includeKeywords=&measure=,24,3,
https://www.musinsa.com/categories/item/001?d_cat_cd=001&brand=&list_kind=small&sort=pop_category&sub_sort=&page=3&display_cnt=90&group_sale=&exclusive_yn=&sale_goods=&timesale_yn=&ex_soldout=&kids=&color=1&price1=&price2=&shoeSizeOption=&tags=&campaign_id=&includeKeywords=&measure=,25,3,
https://www.musinsa.com/categories/item/001?d_cat_cd=001&brand=&list_kind=small&sort=pop_category&sub_sort=&page=3&display_cnt=90&group_sale=&exclusive_yn=&sale_goods=&timesale_yn=&ex_soldout=&kids=&color=1&price1=&price2=&shoeSizeOption=&tags=&campaign_id=&includeKeywords=&measure=,26,3,
https://www.musinsa.com/categories/item/001?d_cat_cd=001&brand=&list_kind=small&sort=pop_category&sub_sort=&page=3&display_cnt=90&group_sale=&exclusive_yn=&sale_goods=&timesale_yn=&ex_soldout=&kids=&color=1&price1=&price2=&shoeSizeOption=&tags=&campaign_id=&includeKeywords=&measure=,27,3,
https://www.musinsa.com/categories/item/001?d_cat_cd=001&brand=&list_kind=small&sort=pop_category&sub_sort=&page=3&display_cnt=90&group_sale=&exclusive_yn=&sale_goods=&timesale_yn=&ex_soldout=&kids=&color=1&price1=&price2=&shoeSizeOption=&tags=&campaign_id=&includeKeywords=&measure=,28,3,
https://www.musinsa.com/categories/item/001?d_cat_cd=001&brand=&list_kind=small&sort=pop_category&sub_sort=&page=3&display_cnt=90&group_sale=&exclusive_yn=&sale_goods=&timesale_yn=&ex_soldout=&kids=&color=1&price1=&price2=&shoeSizeOption=&tags=&campaign_id=&includeKeywords=&measure=,29,3,
https://www.musinsa.com/categories/item/001?d_cat_cd=001&brand=&list_kind=small&sort=pop_category&sub_sort=&page=3&display_cnt=90&group_sale=&exclusive_yn=&sale_goods=&timesale_yn=&ex_soldout=&kids=&color=1&price1=&price2=&shoeSizeOption=&tags=&campaign_id=&includeKeywords=&measure=,30,3,
https://www.musinsa.com/categories/item/001?d_cat_cd=001&brand=&list_kind=small&sort=pop_category&sub_sort=&page=3&display_cnt=90&group_sale=&exclusive_yn=&sale_goods=&timesale_yn=&ex_soldout=&kids=&color=1&price1=&price2=&shoeSizeOption=&tags=&campaign_id=&includeKeywords=&measure=,31,3,
https://www.musinsa.com/categories/item/001?d_cat_cd=001&brand=&list_kind=small&sort=pop_category&sub_sort=&page=3&display_cnt=90&group_sale=&exclusive_yn=&sale_goods=&timesale_yn=&ex_soldout=&kids=&color=1&price1=&price2=&shoeSizeOption=&tags=&campaign_id=&includeKeywords=&measure=,32,3,
https://www.musinsa.com/categories/item/001?d_cat_cd=001&brand=&list_kind=small&sort=pop_category&sub_sort=&page=3&display_cnt=90&group_sale=&exclusive_yn=&sale_goods=&timesale_yn=&ex_soldout=&kids=&color=1&price1=&price2=&shoeSizeOption=&tags=&campaign_id=&includeKeywords=&measure=,33,3,
https://www.musinsa.com/categories/item/001?d_cat_cd=001&brand=&list_kind=small&sort=pop_category&sub_sort=&page=3&display_cnt=90&group_sale=&exclusive_yn=&sale_goods=&timesale_yn=&ex_soldout=&kids=&color=1&price1=&price2=&shoeSizeOption=&tags=&campaign_id=&includeKeywords=&measure=,34,3,
https://www.musinsa.com/categories/item/001?d_cat_cd=001&brand=&list_kind=small&sort=pop_category&sub_sort=&page=3&display_cnt=90&group_sale=&exclusive_yn=&sale_goods=&timesale_yn=&ex_soldout=&kids=&color=1&price1=&price2=&shoeSizeOption=&tags=&campaign_id=&includeKeywords=&measure=,35,3,
https://www.musinsa.com/categories/item/001?d_cat_cd=001&brand=&list_kind=small&sort=pop_category&sub_sort=&page=3&display_cnt=90&group_sale=&exclusive_yn=&sale_goods=&timesale_yn=&ex_soldout=&kids=&color=1&price1=&price2=&shoeSizeOption=&tags=&campaign_id=&includeKeywords=&measure=,36,3,
https://www.musinsa.com/categories/item/001?d_cat_cd=001&brand=&list_kind=small&sort=pop_category&sub_sort=&page=3&display_cnt=90&group_sale=&exclusive_yn=&sale_goods=&timesale_yn=&ex_soldout=&kids=&color=1&price1=&price2=&shoeSizeOption=&tags=&campaign_id=&includeKeywords=&measure=,37,3,
https://www.musinsa.com/categories/item/001?d_cat_cd=001&brand=&list_kind=small&sort=pop_category&sub_sort=&page=3&display_cnt=90&group_sale=&exclusive_yn=&sale_goods=&timesale_yn=&ex_soldout=&kids=&color=1&price1=&price2=&shoeSizeOption=&tags=&campaign_id=&includeKeywords=&measure=,38,3,
https://www.musinsa.com/categories/item/001?d_cat_cd=001&brand=&list_kind=small&sort=pop_category&sub_sort=&page=3&display_cnt=90&group_sale=&exclusive_yn=&sale_goods=&timesale_yn=&ex_soldout=&kids=&color=1&price1=&price2=&shoeSizeOption=&tags=&campaign_id=&includeKeywords=&measure=,39,3,
https://www.musinsa.com/categories/item/001?d_cat_cd=001&brand=&list_kind=small&sort=pop_category&sub_sort=&page=3&display_cnt=90&group_sale=&exclusive_yn=&sale_goods=&timesale_yn=&ex_soldout=&kids=&color=1&price1=&price2=&shoeSizeOption=&tags=&campaign_id=&includeKeywords=&measure=,40,3,
https://www.musinsa.com/categories/item/001?d_cat_cd=001&brand=&list_kind=small&sort=pop_category&sub_sort=&page=3&display_cnt=90&group_sale=&exclusive_yn=&sale_goods=&timesale_yn=&ex_soldout=&kids=&color=1&price1=&price2=&shoeSizeOption=&tags=&campaign_id=&includeKeywords=&measure=,41,3,
https://www.musinsa.com/categories/item/001?d_cat_cd=001&brand=&list_kind=small&sort=pop_category&sub_sort=&page=3&display_cnt=90&group_sale=&exclusive_yn=&sale_goods=&timesale_yn=&ex_soldout=&kids=&color=1&price1=&price2=&shoeSizeOption=&tags=&campaign_id=&includeKeywords=&measure=,42,3,
https://www.musinsa.com/categories/item/001?d_cat_cd=001&brand=&list_kind=small&sort=pop_category&sub_sort=&page=3&display_cnt=90&group_sale=&exclusive_yn=&sale_goods=&timesale_yn=&ex_soldout=&kids=&color=1&price1=&price2=&shoeSizeOption=&tags=&campaign_id=&includeKeywords=&measure=,43,3,
https://www.musinsa.com/categories/item/001?d_cat_cd=001&brand=&list_kind=small&sort=pop_category&sub_sort=&page=3&display_cnt=90&group_sale=&exclusive_yn=&sale_goods=&timesale_yn=&ex_soldout=&kids=&color=1&price1=&price2=&shoeSizeOption=&tags=&campaign_id=&includeKeywords=&measure=,44,3,
https://www.musinsa.com/categories/item/001?d_cat_cd=001&brand=&list_kind=small&sort=pop_category&sub_sort=&page=3&display_cnt=90&group_sale=&exclusive_yn=&sale_goods=&timesale_yn=&ex_soldout=&kids=&color=1&price1=&price2=&shoeSizeOption=&tags=&campaign_id=&includeKeywords=&measure=,45,3,
https://www.musinsa.com/categories/item/001?d_cat_cd=001&brand=&list_kind=small&sort=pop_category&sub_sort=&page=3&display_cnt=90&group_sale=&exclusive_yn=&sale_goods=&timesale_yn=&ex_soldout=&kids=&color=1&price1=&price2=&shoeSizeOption=&tags=&campaign_id=&includeKeywords=&measure=,46,3,
https://www.musinsa.com/categories/item/001?d_cat_cd=001&brand=&list_kind=small&sort=pop_category&sub_sort=&page=3&display_cnt=90&group_sale=&exclusive_yn=&sale_goods=&timesale_yn=&ex_soldout=&kids=&color=1&price1=&price2=&shoeSizeOption=&tags=&campaign_id=&includeKeywords=&measure=,47,3,
https://www.musinsa.com/categories/item/001?d_cat_cd=001&brand=&list_kind=small&sort=pop_category&sub_sort=&page=3&display_cnt=90&group_sale=&exclusive_yn=&sale_goods=&timesale_yn=&ex_soldout=&kids=&color=1&price1=&price2=&shoeSizeOption=&tags=&campaign_id=&includeKeywords=&measure=,48,3,
https://www.musinsa.com/categories/item/001?d_cat_cd=001&brand=&list_kind=small&sort=pop_category&sub_sort=&page=3&display_cnt=90&group_sale=&exclusive_yn=&sale_goods=&timesale_yn=&ex_soldout=&kids=&color=1&price1=&price2=&shoeSizeOption=&tags=&campaign_id=&includeKeywords=&measure=,49,3,
https://www.musinsa.com/categories/item/001?d_cat_cd=001&brand=&list_kind=small&sort=pop_category&sub_sort=&page=3&display_cnt=90&group_sale=&exclusive_yn=&sale_goods=&timesale_yn=&ex_soldout=&kids=&color=1&price1=&price2=&shoeSizeOption=&tags=&campaign_id=&includeKeywords=&measure=,50,3,
https://www.musinsa.com/categories/item/001?d_cat_cd=001&brand=&list_kind=small&sort=pop_category&sub_sort=&page=3&display_cnt=90&group_sale=&exclusive_yn=&sale_goods=&timesale_yn=&ex_soldout=&kids=&color=1&price1=&price2=&shoeSizeOption=&tags=&campaign_id=&includeKeywords=&measure=,51,3,
https://www.musinsa.com/categories/item/001?d_cat_cd=001&brand=&list_kind=small&sort=pop_category&sub_sort=&page=3&display_cnt=90&group_sale=&exclusive_yn=&sale_goods=&timesale_yn=&ex_soldout=&kids=&color=1&price1=&price2=&shoeSizeOption=&tags=&campaign_id=&includeKeywords=&measure=,52,3,
https://www.musinsa.com/categories/item/001?d_cat_cd=001&brand=&list_kind=small&sort=pop_category&sub_sort=&page=3&display_cnt=90&group_sale=&exclusive_yn=&sale_goods=&timesale_yn=&ex_soldout=&kids=&color=1&price1=&price2=&shoeSizeOption=&tags=&campaign_id=&includeKeywords=&measure=,53,3,
https://www.musinsa.com/categories/item/001?d_cat_cd=001&brand=&list_kind=small&sort=pop_category&sub_sort=&page=3&display_cnt=90&group_sale=&exclusive_yn=&sale_goods=&timesale_yn=&ex_soldout=&kids=&color=1&price1=&price2=&shoeSizeOption=&tags=&campaign_id=&includeKeywords=&measure=,54,3,
https://www.musinsa.com/categories/item/001?d_cat_cd=001&brand=&list_kind=small&sort=pop_category&sub_sort=&page=3&display_cnt=90&group_sale=&exclusive_yn=&sale_goods=&timesale_yn=&ex_soldout=&kids=&color=1&price1=&price2=&shoeSizeOption=&tags=&campaign_id=&includeKeywords=&measure=,55,3,
https://www.musinsa.com/categories/item/001?d_cat_cd=001&brand=&list_kind=small&sort=pop_category&sub_sort=&page=3&display_cnt=90&group_sale=&exclusive_yn=&sale_goods=&timesale_yn=&ex_soldout=&kids=&color=1&price1=&price2=&shoeSizeOption=&tags=&campaign_id=&includeKeywords=&measure=,56,3,
https://www.musinsa.com/categories/item/001?d_cat_cd=001&brand=&list_kind=small&sort=pop_category&sub_sort=&page=3&display_cnt=90&group_sale=&exclusive_yn=&sale_goods=&timesale_yn=&ex_soldout=&kids=&color=1&price1=&price2=&shoeSizeOption=&tags=&campaign_id=&includeKeywords=&measure=,57,3,
https://www.musinsa.com/categories/item/001?d_cat_cd=001&brand=&list_kind=small&sort=pop_category&sub_sort=&page=3&display_cnt=90&group_sale=&exclusive_yn=&sale_goods=&timesale_yn=&ex_soldout=&kids=&color=1&price1=&price2=&shoeSizeOption=&tags=&campaign_id=&includeKeywords=&measure=,58,3,
https://www.musinsa.com/categories/item/001?d_cat_cd=001&brand=&list_kind=small&sort=pop_category&sub_sort=&page=3&display_cnt=90&group_sale=&exclusive_yn=&sale_goods=&timesale_yn=&ex_soldout=&kids=&color=1&price1=&price2=&shoeSizeOption=&tags=&campaign_id=&includeKeywords=&measure=,59,3,
https://www.musinsa.com/categories/item/001?d_cat_cd=001&brand=&list_kind=small&sort=pop_category&sub_sort=&page=1&display_cnt=90&group_sale=&exclusive_yn=&sale_goods=&timesale_yn=&ex_soldout=&kids=&color=1&price1=&price2=&shoeSizeOption=&tags=&campaign_id=&includeKeywords=&measure=,1,1,
https://www.musinsa.com/app/goods/2149254,1,1,
https://www.musinsa.com/categories/item/001?d_cat_cd=001&brand=&list_kind=small&sort=pop_category&sub_sort=&page=1&display_cnt=90&group_sale=&exclusive_yn=&sale_goods=&timesale_yn=&ex_soldout=&kids=&color=1&price1=&price2=&shoeSizeOption=&tags=&campaign_id=&includeKeywords=&measure=,2,1,
https://www.musinsa.com/categories/item/001?d_cat_cd=001&brand=&list_kind=small&sort=pop_category&sub_sort=&page=1&display_cnt=90&group_sale=&exclusive_yn=&sale_goods=&timesale_yn=&ex_soldout=&kids=&color=1&price1=&price2=&shoeSizeOption=&tags=&campaign_id=&includeKeywords=&measure=,3,1,
https://www.musinsa.com/categories/item/001?d_cat_cd=001&brand=&list_kind=small&sort=pop_category&sub_sort=&page=1&display_cnt=90&group_sale=&exclusive_yn=&sale_goods=&timesale_yn=&ex_soldout=&kids=&color=1&price1=&price2=&shoeSizeOption=&tags=&campaign_id=&includeKeywords=&measure=,1,1,
https://www.musinsa.com/categories/item/001?d_cat_cd=001&brand=&list_kind=small&sort=pop_category&sub_sort=&page=2&display_cnt=90&group_sale=&exclusive_yn=&sale_goods=&timesale_yn=&ex_soldout=&kids=&color=1&price1=&price2=&shoeSizeOption=&tags=&campaign_id=&includeKeywords=&measure=,1,2,
https://www.musinsa.com/categories/item/001?d_cat_cd=001&brand=&list_kind=small&sort=pop_category&sub_sort=&page=1&display_cnt=90&group_sale=&exclusive_yn=&sale_goods=&timesale_yn=&ex_soldout=&kids=&color=1&price1=&price2=&shoeSizeOption=&tags=&campaign_id=&includeKeywords=&measure=,1,1,
https://www.musinsa.com/app/goods/2149254,1,1,
https://www.musinsa.com/categories/item/001?d_cat_cd=001&brand=&list_kind=small&sort=pop_category&sub_sort=&page=1&display_cnt=90&group_sale=&exclusive_yn=&sale_goods=&timesale_yn=&ex_soldout=&kids=&color=1&price1=&price2=&shoeSizeOption=&tags=&campaign_id=&includeKeywords=&measure=,2,1,
https://www.musinsa.com/categories/item/001?d_cat_cd=001&brand=&list_kind=small&sort=pop_category&sub_sort=&page=1&display_cnt=90&group_sale=&exclusive_yn=&sale_goods=&timesale_yn=&ex_soldout=&kids=&color=1&price1=&price2=&shoeSizeOption=&tags=&campaign_id=&includeKeywords=&measure=,1,1,
https://www.musinsa.com/categories/item/001?d_cat_cd=001&brand=&list_kind=small&sort=pop_category&sub_sort=&page=1&display_cnt=90&group_sale=&exclusive_yn=&sale_goods=&timesale_yn=&ex_soldout=&kids=&color=1&price1=&price2=&shoeSizeOption=&tags=&campaign_id=&includeKeywords=&measure=,1,1,
https://www.musinsa.com/categories/item/001?d_cat_cd=001&brand=&list_kind=small&sort=pop_category&sub_sort=&page=1&display_cnt=90&group_sale=&exclusive_yn=&sale_goods=&timesale_yn=&ex_soldout=&kids=&color=1&price1=&price2=&shoeSizeOption=&tags=&campaign_id=&includeKeywords=&measure=,2,1,1
https://www.musinsa.com/categories/item/001?d_cat_cd=001&brand=&list_kind=small&sort=pop_category&sub_sort=&page=1&display_cnt=90&group_sale=&exclusive_yn=&sale_goods=&timesale_yn=&ex_soldout=&kids=&color=1&price1=&price2=&shoeSizeOption=&tags=&campaign_id=&includeKeywords=&measure=,3,1,1
https://www.musinsa.com/categories/item/001?d_cat_cd=001&brand=&list_kind=small&sort=pop_category&sub_sort=&page=1&display_cnt=90&group_sale=&exclusive_yn=&sale_goods=&timesale_yn=&ex_soldout=&kids=&color=1&price1=&price2=&shoeSizeOption=&tags=&campaign_id=&includeKeywords=&measure=,4,1,1
https://www.musinsa.com/categories/item/001?d_cat_cd=001&brand=&list_kind=small&sort=pop_category&sub_sort=&page=1&display_cnt=90&group_sale=&exclusive_yn=&sale_goods=&timesale_yn=&ex_soldout=&kids=&color=1&price1=&price2=&shoeSizeOption=&tags=&campaign_id=&includeKeywords=&measure=,5,1,1
https://www.musinsa.com/categories/item/001?d_cat_cd=001&brand=&list_kind=small&sort=pop_category&sub_sort=&page=1&display_cnt=90&group_sale=&exclusive_yn=&sale_goods=&timesale_yn=&ex_soldout=&kids=&color=1&price1=&price2=&shoeSizeOption=&tags=&campaign_id=&includeKeywords=&measure=,6,1,1
https://www.musinsa.com/categories/item/001?d_cat_cd=001&brand=&list_kind=small&sort=pop_category&sub_sort=&page=1&display_cnt=90&group_sale=&exclusive_yn=&sale_goods=&timesale_yn=&ex_soldout=&kids=&color=1&price1=&price2=&shoeSizeOption=&tags=&campaign_id=&includeKeywords=&measure=,3,1,1
https://www.musinsa.com/categories/item/001?d_cat_cd=001&brand=&list_kind=small&sort=pop_category&sub_sort=&page=1&display_cnt=90&group_sale=&exclusive_yn=&sale_goods=&timesale_yn=&ex_soldout=&kids=&color=1&price1=&price2=&shoeSizeOption=&tags=&campaign_id=&includeKeywords=&measure=,4,1,1
https://www.musinsa.com/categories/item/001?d_cat_cd=001&brand=&list_kind=small&sort=pop_category&sub_sort=&page=1&display_cnt=90&group_sale=&exclusive_yn=&sale_goods=&timesale_yn=&ex_soldout=&kids=&color=1&price1=&price2=&shoeSizeOption=&tags=&campaign_id=&includeKeywords=&measure=,5,1,1
https://www.musinsa.com/categories/item/001?d_cat_cd=001&brand=&list_kind=small&sort=pop_category&sub_sort=&page=1&display_cnt=90&group_sale=&exclusive_yn=&sale_goods=&timesale_yn=&ex_soldout=&kids=&color=1&price1=&price2=&shoeSizeOption=&tags=&campaign_id=&includeKeywords=&measure=,6,1,1
https://www.musinsa.com/categories/item/001?d_cat_cd=001&brand=&list_kind=small&sort=pop_category&sub_sort=&page=1&display_cnt=90&group_sale=&exclusive_yn=&sale_goods=&timesale_yn=&ex_soldout=&kids=&color=1&price1=&price2=&shoeSizeOption=&tags=&campaign_id=&includeKeywords=&measure=,7,1,1
https://www.musinsa.com/categories/item/001?d_cat_cd=001&brand=&list_kind=small&sort=pop_category&sub_sort=&page=1&display_cnt=90&group_sale=&exclusive_yn=&sale_goods=&timesale_yn=&ex_soldout=&kids=&color=1&price1=&price2=&shoeSizeOption=&tags=&campaign_id=&includeKeywords=&measure=,1,1,1
https://www.musinsa.com/categories/item/001?d_cat_cd=001&brand=&list_kind=small&sort=pop_category&sub_sort=&page=1&display_cnt=90&group_sale=&exclusive_yn=&sale_goods=&timesale_yn=&ex_soldout=&kids=&color=1&price1=&price2=&shoeSizeOption=&tags=&campaign_id=&includeKeywords=&measure=,2,1,1
https://www.musinsa.com/categories/item/001?d_cat_cd=001&brand=&list_kind=small&sort=pop_category&sub_sort=&page=1&display_cnt=90&group_sale=&exclusive_yn=&sale_goods=&timesale_yn=&ex_soldout=&kids=&color=1&price1=&price2=&shoeSizeOption=&tags=&campaign_id=&includeKeywords=&measure=,3,1,1
https://www.musinsa.com/categories/item/001?d_cat_cd=001&brand=&list_kind=small&sort=pop_category&sub_sort=&page=1&display_cnt=90&group_sale=&exclusive_yn=&sale_goods=&timesale_yn=&ex_soldout=&kids=&color=1&price1=&price2=&shoeSizeOption=&tags=&campaign_id=&includeKeywords=&measure=,4,1,1
https://www.musinsa.com/categories/item/001?d_cat_cd=001&brand=&list_kind=small&sort=pop_category&sub_sort=&page=1&display_cnt=90&group_sale=&exclusive_yn=&sale_goods=&timesale_yn=&ex_soldout=&kids=&color=1&price1=&price2=&shoeSizeOption=&tags=&campaign_id=&includeKeywords=&measure=,1,1,1
https://www.musinsa.com/categories/item/001?d_cat_cd=001&brand=&list_kind=small&sort=pop_category&sub_sort=&page=1&display_cnt=90&group_sale=&exclusive_yn=&sale_goods=&timesale_yn=&ex_soldout=&kids=&color=1&price1=&price2=&shoeSizeOption=&tags=&campaign_id=&includeKeywords=&measure=,2,1,1
https://www.musinsa.com/categories/item/001?d_cat_cd=001&brand=&list_kind=small&sort=pop_category&sub_sort=&page=1&display_cnt=90&group_sale=&exclusive_yn=&sale_goods=&timesale_yn=&ex_soldout=&kids=&color=1&price1=&price2=&shoeSizeOption=&tags=&campaign_id=&includeKeywords=&measure=,3,1,1
https://www.musinsa.com/categories/item/001?d_cat_cd=001&brand=&list_kind=small&sort=pop_category&sub_sort=&page=1&display_cnt=90&group_sale=&exclusive_yn=&sale_goods=&timesale_yn=&ex_soldout=&kids=&color=1&price1=&price2=&shoeSizeOption=&tags=&campaign_id=&includeKeywords=&measure=,4,1,1
https://www.musinsa.com/categories/item/001?d_cat_cd=001&brand=&list_kind=small&sort=pop_category&sub_sort=&page=1&display_cnt=90&group_sale=&exclusive_yn=&sale_goods=&timesale_yn=&ex_soldout=&kids=&color=1&price1=&price2=&shoeSizeOption=&tags=&campaign_id=&includeKeywords=&measure=,5,1,1
https://www.musinsa.com/categories/item/001?d_cat_cd=001&brand=&list_kind=small&sort=pop_category&sub_sort=&page=1&display_cnt=90&group_sale=&exclusive_yn=&sale_goods=&timesale_yn=&ex_soldout=&kids=&color=1&price1=&price2=&shoeSizeOption=&tags=&campaign_id=&includeKeywords=&measure=,6,1,1
https://www.musinsa.com/categories/item/001?d_cat_cd=001&brand=&list_kind=small&sort=pop_category&sub_sort=&page=1&display_cnt=90&group_sale=&exclusive_yn=&sale_goods=&timesale_yn=&ex_soldout=&kids=&color=1&price1=&price2=&shoeSizeOption=&tags=&campaign_id=&includeKeywords=&measure=,3,1,1
https://www.musinsa.com/categories/item/001?d_cat_cd=001&brand=&list_kind=small&sort=pop_category&sub_sort=&page=1&display_cnt=90&group_sale=&exclusive_yn=&sale_goods=&timesale_yn=&ex_soldout=&kids=&color=1&price1=&price2=&shoeSizeOption=&tags=&campaign_id=&includeKeywords=&measure=,4,1,1
https://www.musinsa.com/categories/item/001?d_cat_cd=001&brand=&list_kind=small&sort=pop_category&sub_sort=&page=1&display_cnt=90&group_sale=&exclusive_yn=&sale_goods=&timesale_yn=&ex_soldout=&kids=&color=1&price1=&price2=&shoeSizeOption=&tags=&campaign_id=&includeKeywords=&measure=,5,1,1
https://www.musinsa.com/categories/item/001?d_cat_cd=001&brand=&list_kind=small&sort=pop_category&sub_sort=&page=1&display_cnt=90&group_sale=&exclusive_yn=&sale_goods=&timesale_yn=&ex_soldout=&kids=&color=1&price1=&price2=&shoeSizeOption=&tags=&campaign_id=&includeKeywords=&measure=,6,1,1
https://www.musinsa.com/categories/item/001?d_cat_cd=001&brand=&list_kind=small&sort=pop_category&sub_sort=&page=1&display_cnt=90&group_sale=&exclusive_yn=&sale_goods=&timesale_yn=&ex_soldout=&kids=&color=1&price1=&price2=&shoeSizeOption=&tags=&campaign_id=&includeKeywords=&measure=,7,1,1
https://www.musinsa.com/categories/item/001?d_cat_cd=001&brand=&list_kind=small&sort=pop_category&sub_sort=&page=1&display_cnt=90&group_sale=&exclusive_yn=&sale_goods=&timesale_yn=&ex_soldout=&kids=&color=1&price1=&price2=&shoeSizeOption=&tags=&campaign_id=&includeKeywords=&measure=,8,1,1
https://www.musinsa.com/categories/item/001?d_cat_cd=001&brand=&list_kind=small&sort=pop_category&sub_sort=&page=1&display_cnt=90&group_sale=&exclusive_yn=&sale_goods=&timesale_yn=&ex_soldout=&kids=&color=1&price1=&price2=&shoeSizeOption=&tags=&campaign_id=&includeKeywords=&measure=,9,1,1
https://www.musinsa.com/categories/item/001?d_cat_cd=001&brand=&list_kind=small&sort=pop_category&sub_sort=&page=1&display_cnt=90&group_sale=&exclusive_yn=&sale_goods=&timesale_yn=&ex_soldout=&kids=&color=1&price1=&price2=&shoeSizeOption=&tags=&campaign_id=&includeKeywords=&measure=,10,1,1
https://www.musinsa.com/categories/item/001?d_cat_cd=001&brand=&list_kind=small&sort=pop_category&sub_sort=&page=1&display_cnt=90&group_sale=&exclusive_yn=&sale_goods=&timesale_yn=&ex_soldout=&kids=&color=1&price1=&price2=&shoeSizeOption=&tags=&campaign_id=&includeKeywords=&measure=,14,1,1
https://www.musinsa.com/categories/item/001?d_cat_cd=001&brand=&list_kind=small&sort=pop_category&sub_sort=&page=1&display_cnt=90&group_sale=&exclusive_yn=&sale_goods=&timesale_yn=&ex_soldout=&kids=&color=1&price1=&price2=&shoeSizeOption=&tags=&campaign_id=&includeKeywords=&measure=,1,1,1
https://www.musinsa.com/brands/musinsastandard,2,1,1
https://www.musinsa.com/categories/item/001?d_cat_cd=001&brand=&list_kind=small&sort=pop_category&sub_sort=&page=1&display_cnt=90&group_sale=&exclusive_yn=&sale_goods=&timesale_yn=&ex_soldout=&kids=&color=1&price1=&price2=&shoeSizeOption=&tags=&campaign_id=&includeKeywords=&measure=,3,1,1
https://www.musinsa.com/categories/item/001?d_cat_cd=001&brand=&list_kind=small&sort=pop_category&sub_sort=&page=1&display_cnt=90&group_sale=&exclusive_yn=&sale_goods=&timesale_yn=&ex_soldout=&kids=&color=1&price1=&price2=&shoeSizeOption=&tags=&campaign_id=&includeKeywords=&measure=,5,1,1
https://www.musinsa.com/categories/item/001?d_cat_cd=001&brand=&list_kind=small&sort=pop_category&sub_sort=&page=1&display_cnt=90&group_sale=&exclusive_yn=&sale_goods=&timesale_yn=&ex_soldout=&kids=&color=1&price1=&price2=&shoeSizeOption=&tags=&campaign_id=&includeKeywords=&measure=,6,1,1
https://www.musinsa.com/categories/item/001?d_cat_cd=001&brand=&list_kind=small&sort=pop_category&sub_sort=&page=1&display_cnt=90&group_sale=&exclusive_yn=&sale_goods=&timesale_yn=&ex_soldout=&kids=&color=1&price1=&price2=&shoeSizeOption=&tags=&campaign_id=&includeKeywords=&measure=,7,1,1
https://www.musinsa.com/categories/item/001?d_cat_cd=001&brand=&list_kind=small&sort=pop_category&sub_sort=&page=1&display_cnt=90&group_sale=&exclusive_yn=&sale_goods=&timesale_yn=&ex_soldout=&kids=&color=1&price1=&price2=&shoeSizeOption=&tags=&campaign_id=&includeKeywords=&measure=,8,1,1
https://www.musinsa.com/categories/item/001?d_cat_cd=001&brand=&list_kind=small&sort=pop_category&sub_sort=&page=1&display_cnt=90&group_sale=&exclusive_yn=&sale_goods=&timesale_yn=&ex_soldout=&kids=&color=1&price1=&price2=&shoeSizeOption=&tags=&campaign_id=&includeKeywords=&measure=,9,1,1
https://www.musinsa.com/categories/item/001?d_cat_cd=001&brand=&list_kind=small&sort=pop_category&sub_sort=&page=1&display_cnt=90&group_sale=&exclusive_yn=&sale_goods=&timesale_yn=&ex_soldout=&kids=&color=1&price1=&price2=&shoeSizeOption=&tags=&campaign_id=&includeKeywords=&measure=,2,1,1
https://www.musinsa.com/categories/item/001?d_cat_cd=001&brand=&list_kind=small&sort=pop_category&sub_sort=&page=1&display_cnt=90&group_sale=&exclusive_yn=&sale_goods=&timesale_yn=&ex_soldout=&kids=&color=1&price1=&price2=&shoeSizeOption=&tags=&campaign_id=&includeKeywords=&measure=,1,1,1
https://www.musinsa.com/categories/item/001?d_cat_cd=001&brand=&list_kind=small&sort=pop_category&sub_sort=&page=1&display_cnt=90&group_sale=&exclusive_yn=&sale_goods=&timesale_yn=&ex_soldout=&kids=&color=1&price1=&price2=&shoeSizeOption=&tags=&campaign_id=&includeKeywords=&measure=,2,1,1
https://www.musinsa.com/categories/item/001?d_cat_cd=001&brand=&list_kind=small&sort=pop_category&sub_sort=&page=1&display_cnt=90&group_sale=&exclusive_yn=&sale_goods=&timesale_yn=&ex_soldout=&kids=&color=1&price1=&price2=&shoeSizeOption=&tags=&campaign_id=&includeKeywords=&measure=,3,1,1
https://www.musinsa.com/categories/item/001?d_cat_cd=001&brand=&list_kind=small&sort=pop_category&sub_sort=&page=1&display_cnt=90&group_sale=&exclusive_yn=&sale_goods=&timesale_yn=&ex_soldout=&kids=&color=1&price1=&price2=&shoeSizeOption=&tags=&campaign_id=&includeKeywords=&measure=,4,1,1
https://www.musinsa.com/categories/item/001?d_cat_cd=001&brand=&list_kind=small&sort=pop_category&sub_sort=&page=1&display_cnt=90&group_sale=&exclusive_yn=&sale_goods=&timesale_yn=&ex_soldout=&kids=&color=1&price1=&price2=&shoeSizeOption=&tags=&campaign_id=&includeKeywords=&measure=,5,1,1
https://www.musinsa.com/categories/item/001?d_cat_cd=001&brand=&list_kind=small&sort=pop_category&sub_sort=&page=1&display_cnt=90&group_sale=&exclusive_yn=&sale_goods=&timesale_yn=&ex_soldout=&kids=&color=1&price1=&price2=&shoeSizeOption=&tags=&campaign_id=&includeKeywords=&measure=,6,1,1
https://www.musinsa.com/categories/item/001?d_cat_cd=001&brand=&list_kind=small&sort=pop_category&sub_sort=&page=1&display_cnt=90&group_sale=&exclusive_yn=&sale_goods=&timesale_yn=&ex_soldout=&kids=&color=1&price1=&price2=&shoeSizeOption=&tags=&campaign_id=&includeKeywords=&measure=,7,1,1
https://www.musinsa.com/categories/item/001?d_cat_cd=001&brand=&list_kind=small&sort=pop_category&sub_sort=&page=1&display_cnt=90&group_sale=&exclusive_yn=&sale_goods=&timesale_yn=&ex_soldout=&kids=&color=1&price1=&price2=&shoeSizeOption=&tags=&campaign_id=&includeKeywords=&measure=,8,1,1
https://www.musinsa.com/categories/item/001?d_cat_cd=001&brand=&list_kind=small&sort=pop_category&sub_sort=&page=1&display_cnt=90&group_sale=&exclusive_yn=&sale_goods=&timesale_yn=&ex_soldout=&kids=&color=1&price1=&price2=&shoeSizeOption=&tags=&campaign_id=&includeKeywords=&measure=,9,1,1
https://www.musinsa.com/categories/item/001?d_cat_cd=001&brand=&list_kind=small&sort=pop_category&sub_sort=&page=1&display_cnt=90&group_sale=&exclusive_yn=&sale_goods=&timesale_yn=&ex_soldout=&kids=&color=1&price1=&price2=&shoeSizeOption=&tags=&campaign_id=&includeKeywords=&measure=,10,1,1
